Nama Toko,Lokasi,Nama Produk,Harga Produk,Terjual,Rating
Dunia Aksesoris Kita,Jakarta Barat,"Rak Acrylic Hotwheels Isi 50 Square, Wooden Vintage Premium Skala 1:64",Rp365.000,30+ terjual,4.7
H 24,Semarang,Hot Wheels Premium Boulevard Honda Accord Test Car Mugen Spoon Civic,Rp94.900,100+ terjual,5.0
PRIMESPOT OFFICIAL,Jakarta Barat,Primecase Protector / Protektor Hotwheels Hot Wheels Premium,Rp8.000,1rb+ terjual,5.0
dresscouple.chys,Tangerang,Blister protector hotwheels premium NKT premium hardcase ,Rp25.000,100+ terjual,4.6
Diecastindo,Jakarta Barat,Hotwheels / Hot Wheels Premium - Medium Protector / Protektor Polos,Rp8.490,10rb+ terjual,5.0
EMS Toys Indonesia,Surabaya,Hot Wheels HKF59 Premium 2-Pack Mitsubishi Lancer Ev - '95 Mitsubishi ,Rp175.000,50+ terjual,5.0
Toys Lifestyle,Jakarta Barat,Primecase Protector / Protektor Pelindung Hotwheels Hot Wheels Premium,Rp8.000,100+ terjual,5.0
Toys Lifestyle,Jakarta Barat,Mobil Hotwheels Hot Wheels Diecast Premium Car Culture,Rp75.000,100+ terjual,5.0
Toys Lifestyle,Jakarta Barat,Hotwheels Hot Wheels Premium Protector / Protektor Merk PROCASE,Rp8.000,1rb+ terjual,5.0
littletayo,Tasikmalaya,BLISTER PROTEKTOR PROCASE REGULER PREMIUM PELINDUNG DIECAST HOTWHEELS,Rp6.400,1rb+ terjual,5.0
Brothpedia,Jakarta Selatan,Hoot Wheels Neon Speeder Complete Set,Rp1.000.000,,
YSN Laser,Surabaya,Display Box Acrylic I Box Action Figure I Box Diecast Hotwheels,Rp1.000,100+ terjual,5.0
Dunia Celengan,Kab. Bantul,"Rak Hotwheels Acrylic Isi 30, No Header Slim Fit Edition 1:64",Rp149.000,100+ terjual,5.0
Hot Wheels Flagship,Tangerang,Hot Wheels Skate TMNT Donatello - Mainan Fingerboard,Rp119.900,4 terjual,5.0
Dunia Celengan,Kab. Bantul,RAK HOTWHEELS 45GARAGE PARKIR MIRING/SERONG ISI 24 TANPA LOGO,Rp198.000,4 terjual,5.0
Timothy Diecast,Surabaya,Hot Wheels Premium Fast & Furious Nissan Silvia S15 Dash F Monalisa,Rp224.900,15 terjual,4.6
EMS Toys Indonesia,Surabaya,HotWheels HKF49 Premium TwinPack NISSAN SKYLINE SILH - LB-ER34 SUPER S,Rp300.000,80+ terjual,5.0
EMS Toys Indonesia,Surabaya,Hotwheels Premium protector / protektor skala 1:64 Dash-Z,Rp8.000,100+ terjual,5.0
Erik Erik,Malang,Hot Wheels Fast Furious Mix D Premium 2023 SET & ECERAN,Rp70.000,100+ terjual,5.0
Aspal Diecast,Bogor,RAK HOTWHEELS Display Reguler Premium Horizontal Panjang 50 Cm,Rp6.700,2rb+ terjual,4.9
Indonesia.,Surabaya,Hot Wheels Premium Boulevard MBK Van Advan original,Rp70.000,13 terjual,5.0
Songpandiecast,Bandung,DASHZ PROTEKTOR BLISTER PREMIUM PELINDUNG MIKA PLASTIK HOTWHEELS,Rp8.000,500+ terjual,4.9
Fidelle's Market,Bandung,BLISTER HOTWHEELS PROTEKTOR PROCASE PREMIUM RETRO,Rp8.000,2rb+ terjual,4.9
Fidelle's Market,Bandung,PAKET HEMAT EKONOMIS BLISTER PROTECTOR HOTWHEELS PROCASE PREMIUM CARD,Rp31.600,27 terjual,5.0
Timothy Diecast,Surabaya,Hot Wheels Premium Fast & Furious BMW M3 Putih Dash F,Rp104.900,25 terjual,5.0
HAG Surabaya,Kab. Bekasi,Hotwheels Hot Wheels SDCC 2022 Marvel- Ghost Rider Motorcycle & Figure,Rp1.489.900,,
Dunia Celengan,Kab. Bantul,"RAK HOTWHEELS ACRYLIC ISI 24 REGULER, TANPA LOGO SLIM SKALA 1:64",Rp128.000,100+ terjual,5.0
Hot Wheels Flagship,Tangerang,Hot Wheels City Downtown Ice Cream Swirl Pink -Mainan Trek Mobil Balap,Rp223.930,5 terjual,5.0
Dunia Celengan,Kab. Bantul,RAK HOTWHEELS 45GARAGE PARKIR MIRING/SERONG ISI 30 DENGAN LOGO,Rp269.000,1 terjual,5.0
Hot Wheels Flagship,Tangerang,Matchbox Moving Parts Silver Citroen e-C4 X - Mainan Mobil Balap,Rp41.175,40+ terjual,4.9
H&M Toys,Kab. Sleman,Hot Wheels Premium Exotic Envy BMW M1 Procar Merah,Rp69.900,9 terjual,4.9
Revan_Collections,Bogor,Hot Wheels Premium Car - Exotic Envy Aston Martin Valhalla Concept,Rp65.000,18 terjual,5.0
One_for_all_shop,Semarang,Hot Wheels Blister Protector Mika Pelindung Pengaman Regular Premium,Rp6.500,100+ terjual,5.0
Hansel_Hotwheels,Denpasar,Hotwheels hot Premium 2 twin pack Fast Furious 2021 Toyota GR Supra,Rp125.000,20 terjual,5.0
EMS Toys Indonesia,Surabaya,HOTWHEELS PREMIUM TWINPACK HKF50 '73 HOLDEN MONARO-77 HOLDEN TORANA ,Rp150.000,30+ terjual,5.0
Indonesia.,Surabaya,Hot Wheels Premium Boulevard Porsche 718 Cayman GT4 original,Rp130.000,12 terjual,4.9
Diecastindo,Jakarta Barat,Hotwheels / Hot Wheels Medium Premium Protector / Protektor PROCASE,Rp14.940,1rb+ terjual,5.0
diecast part,Pasuruan,as selongsong axle tube premium hot wheels 1:64,Rp6.900,4rb+ terjual,5.0
OVER TARGET,Jakarta Pusat,Hotwheels Premium Jeep Grand Cherokee Trackhawk FF Ban Karet Base Besi,Rp65.500,40+ terjual,5.0
EMS Toys Indonesia,Surabaya,HotWheels Premium Fast & Furious 10 pack - HNT21,Rp475.000,100+ terjual,4.9
Hansel_Hotwheels,Denpasar,Hotwheels hot premium LAMBORGHINI COUNTACH LP 5000 QV Hitam CHASE jay,Rp1.152.000,,
Hansel_Hotwheels,Denpasar,Hotwheels hot premium Fast Furious 1969 Chevy Camaro,Rp90.000,10 terjual,5.0
Hansel_Hotwheels,Denpasar,Hotwheels hot premium Boulevard Q 2023 SET 5 honda civic volkswagen,Rp650.000,4 terjual,5.0
Hansel_Hotwheels,Denpasar,HOTWHEELS Hot PREMIUM EXOTIC ENVY 2024 SET 5 lamborghini porsche bmw,Rp513.000,,
Hansel_Hotwheels,Denpasar,Hotwheels hot Premium Car Culture Speed Machine 2023 McLAREN 720S,Rp84.000,4 terjual,5.0
Dunia Celengan,Kab. Bantul,"RAK HOTWHEELS ACRYLIC ISI 20, TANPA LOGO SLIM EDITION SKALA 1:64",Rp112.000,90+ terjual,4.8
Hot Wheels Flagship,Tangerang,Hot Wheels City Transforming Race Tower Playset - Mainan Trek Mobil,Rp487.425,100+ terjual,5.0
Dunia Celengan,Kab. Bantul,"RAK HOTWHEELS ACRYLIC ISI 10, TANPA LOGO SLIM EDITION SKALA 1:64",Rp71.000,100+ terjual,4.9
Hot Wheels Flagship,Tangerang,Hot Wheels Action Vertical Power Launch - Mainan Trek Mobil Balap,Rp189.900,70+ terjual,5.0
Dunia Celengan,Kab. Bantul,"Rak Hotwheel Acrylic Isi 50, Square Model Sleeding Etalase Skala 1:64",Rp262.000,250+ terjual,4.8
Erik Erik,Malang,Hot Wheels Toyota AE86 Sprinter Trueno Advan Boulevard R Premium 2023,Rp155.000,50+ terjual,5.0
Indonesia.,Surabaya,Hot Wheels Premium Canyon Warriors 89 Porshce 944 Turbo original,Rp55.000,14 terjual,5.0
Hot Wheels Flagship,Tangerang,Hot Wheels Premium Collectors Jay Leno's Garage - Mainan Mobil Balap,Rp416.175,70+ terjual,4.9
DASH-Z OFFICIAL,Surabaya,10pcs - Protektor Premium Hotwheels - DASH-Z,Rp83.500,14 terjual,5.0
BTS Toys Store,Surabaya,Hot Wheels Premium HW Off Road 1993 Mercedes Benz G-Class,Rp109.900,3 terjual,5.0
GiFT Ventidue,Jakarta Barat,Hot Wheels Premium LB ER34 Super Silhouette Nissan Skyline LBWK,Rp499.000,19 terjual,5.0
Indonesia.,Surabaya,Hot Wheels Premium Boulevard 66 Chevrolet Corvair Yenko Stinger ori,Rp55.000,6 terjual,5.0
Fidelle's Market,Bandung,BLISTER HOT WHEELS PROTEKTOR DASHZ PREMIUM PLATINUM SERIES ORGANIZER,Rp13.000,16 terjual,5.0
H&M Toys,Kab. Sleman,Hot Wheels Premium Speed Machines Phorsce 911 GT3 Biru,Rp144.900,17 terjual,5.0
Erik Erik,Malang,Hot Wheels Boulevard Mix S Premium 2023 SET & ECERAN,Rp70.000,100+ terjual,5.0
Toys United sby,Surabaya,hot wheels premium the mystery machine,Rp179.900,4 terjual,5.0
Vovo Toys,Jakarta Pusat,Hot Wheels Premium Lamborghini Gallardo LP 570 Superleggera Hotwheels,Rp119.900,3 terjual,5.0
H&M Toys,Kab. Sleman,Hot Wheels Premium Fast & Furious BMW M3 E46 - 2023,Rp109.900,100+ terjual,4.9
Mobil Keren,Jakarta Timur,Hot Wheels Premium Deutschland Design Mercedes-Benz 300 SEL 6.8 AMG,Rp179.100,19 terjual,5.0
Timothy Diecast,Surabaya,Hot Wheels Premium Two 2 Pack BMW 320 Group 5 Vs 73 BMW 3.0 CSL Race,Rp149.900,8 terjual,5.0
SbyStuff,Surabaya,Hot Wheels Premium Toyota Starlet KP61 Ronin Run,Rp130.000,13 terjual,5.0
Hansel_Hotwheels,Denpasar,Hotwheels hot premium american scene corvette c8r,Rp140.000,6 terjual,5.0
DMGARAGE,Kab. Magelang,PROTECTOR PROCASE REGULER / PREMIUM HOT WHEELS PROTEKTOR,Rp10.500,100+ terjual,5.0
H&M Toys,Kab. Sleman,Hot Wheels Premium Exotic Envy McLaren F1 Maroon,Rp69.900,14 terjual,5.0
Diecastindo,Jakarta Barat,Hotwheels / Hot Wheels Premium Protector Car Culture Pack of 6 PROCASE,Rp79.920,100+ terjual,5.0
Bang JE Gunpla,Semarang,hot wheels premium two pack bugatti set,Rp200.000,1 terjual,5.0
OVER TARGET,Jakarta Pusat,Hotwheels Premium 70 Dodge HEMI Challenger Ban Karet Base Besi,Rp67.500,5 terjual,5.0
SbyStuff,Surabaya,Hot Wheels Premium Car Culture Nissan Silvia S14 Modern Classic,Rp115.000,18 terjual,5.0
Diecastindo,Jakarta Barat,Hotwheels / HotWheels Premium Two Pack / Twin Pack HBL96,Rp499.900,40+ terjual,5.0
littletayo,Tasikmalaya,HOTWHEELS PREMIUM EXOTIC ENVY BMW M1 PROCAR MERAH JAPAN SPORT CAR,Rp69.900,5 terjual,5.0
bhtx. lab,Depok,Hot Wheels Premium 2 Pack Pandem Subaru BRZ Loose,Rp124.900,5 terjual,5.0
Erik Erik,Malang,HOT WHEELS LYKAN HYPERSPORT HITAM BOULEVARD K 2022 PREMIUM,Rp90.000,70+ terjual,5.0
DASH-Z OFFICIAL,Surabaya,Protektor Premium - Hot Wheels - DASH-Z,Rp8.500,100+ terjual,4.8
Matztoys,Kab. Bandung,RAK BLISTER HOTWHEELS PREMIUM ISI 30 PCS BISA D GANTUNG D DINDING,Rp124.900,8 terjual,5.0
Timothy Diecast,Surabaya,Hot Wheels Premium Exotic Envy 71 Porsche 911 Kuning Angka 71,Rp144.900,7 terjual,5.0
Mika Pro,Jakarta Timur,blister protector hotwheels premium,Rp8.000,1rb+ terjual,4.9
Hot Wheels Flagship,Tangerang,Hot Wheels Matchbox 2013 Volvo V60 Station Wagon - Mainan Mobil Balap,Rp136.900,50+ terjual,5.0
Dunia Celengan,Kab. Bantul,"RAK HOTWHEELS ACRYLIC ISI 12, TANPA LOGO SLIM EDITION SKALA 1:64",Rp85.000,60+ terjual,5.0
Hot Wheels Flagship,Tangerang,Hot Wheels Skate Tony Hawk Tricked Out Pack - Mainan Fingerboard,Rp139.960,40+ terjual,5.0
Dunia Celengan,Kab. Bantul,"Rak Hotwheels Acrylic Isi 48, No Header Slim Fit Edition 1:64",Rp223.000,70+ terjual,4.9
Dunia Celengan,Kab. Bantul,RAK TEMPAT DISPLAY HOTWHEELS 1:64 MODEL SEGI ENAM HEXAGON SMALL,Rp132.000,30+ terjual,4.9
Hot Wheels Flagship,Tangerang,Hot Wheels Skate Root Canal - Mainan Fingerboard,Rp99.900,,
Dunia Celengan,Kab. Bantul,Rak Hotwheels Acrylic Slim Fit Edition ISI 72 PIntu Sleeding 1:64,Rp361.000,11 terjual,5.0
Fantasi Toys Store,Kab. Temanggung,HW Hot Wheels Lamborghini Countach kuning 1997 First Editions 25th,Rp90.000,9 terjual,5.0
Mombaby1,Jakarta Utara,Mainan Anak Mobil Hotwheels / Mainan mobil hotwheels,Rp20.000,90+ terjual,4.8
H&M Toys,Kab. Sleman,Hot Wheels Premium Speed Machines McLaren 720S Orange,Rp84.900,8 terjual,5.0
Revan_Collections,Bogor,Hot Wheels Premium Car - Exotic Envy 16 Bugatti Chiron,Rp150.000,18 terjual,5.0
ria indrawati,Surabaya,HOT WHEELS Team Transport HW CLASSIC HYDROPLANE X SPEED WAZE PREMIUM,Rp135.000,7 terjual,5.0
H&M Toys,Kab. Sleman,Hot Wheels Premium Boulevard Mercedes-Benz 190 E 2.5-16 - Hijau,Rp139.900,17 terjual,5.0
Timothy Diecast,Surabaya,Hot Wheels Premium Team Transport Mercedes CLK GTR Vs Fleet Street,Rp350.000,8 terjual,5.0
Toymagz,Surabaya,Hot Wheels Murah Original 100% Mattel Koleksi Mobil Kado Anak Laki2,Rp25.000,4 terjual,5.0
Fantasi Toys Store,Kab. Temanggung,HW Hot Wheels 24 Ours biru muda,Rp90.000,9 terjual,5.0
Toymagz,Surabaya,Hot Wheels Reguler Blue Card Lots F N P Q  2023 1 Box isi 72 pcs Murah,Rp1.512.000,,
R&M Toys,Jakarta Utara,Mainan Anak Mobil Hotwheels / Mainan mobil hotwheels,Rp20.000,100+ terjual,4.7
Toymagz,Surabaya,"Hot Wheels Murah Original 100% Mattel Koleksi Mobil Kado Anak Laki
",Rp25.000,1 terjual,5.0
BTS Toys Store,Surabaya,Hot Wheels Premium Boulevard Aero Sculpt,Rp39.900,23 terjual,5.0
Timothy Diecast,Surabaya,Hot Wheels Premium 2 Pack Bugatti Veyron Vs 16 Bugatti Chiron,Rp214.900,11 terjual,4.8
Erik Erik,Malang,HOT WHEELS LAND ROVER DEFENDER 90 MERAH BOULEVARD K 2022 PREMIUM,Rp145.000,100+ terjual,5.0
H 24,Semarang,Hot Wheels Premium Barbie Kool Kombi Mattel Volkswagen VW Combi Pop Culture Japan Card MULUS,Rp159.900,60+ terjual,4.8
H&M Toys,Kab. Sleman,Hot Wheels Premium Boulevard U - Set 5pcs - GJT68-U,Rp599.900,2 terjual,5.0
Erik Erik,Malang,Hot Wheels Boulevard P 2023 Premium SET isi 5,Rp750.000,60+ terjual,4.8
Hotwheels Shop Indonesia,Surabaya,HOT WHEELS KOOL KOMBI EIBACH PREMIUM,Rp194.900,14 terjual,4.9
Erik Erik,Malang,Hot Wheels 95 Toyota Celica GT Four Diorama Premium NEW LOOSE,Rp60.000,50+ terjual,5.0
Erik Erik,Malang,Hot Wheels Mercedes Benz C63 AMG Coupe Kuning Boulevard R Premium 2023,Rp115.000,60+ terjual,5.0
BTS Toys Store,Surabaya,Hot Wheels Premium Fast & Furious 1972 Ford Gran Torino Sport,Rp54.900,12 terjual,5.0
3DPrintFarm,Kab. Bantul,Custom Start Gate Hotwheels 3 4 Track Pintu Setar 3D Printed,Rp80.000,12 terjual,5.0
Toymagz,Surabaya,Promo Hot Wheels Original Asli Murah Mobil Diecast Murah Skala 1/64,Rp25.000,,
Dunia Aksesoris Kita,Jakarta Barat,Rak Hotwheels Header Edition Skala 1 : 64 isi 100 unit,Rp570.000,100+ terjual,4.8
Toymagz,Surabaya,Promo Hot Wheels Asli Original Murah Mobil Diecast Skala 1/64 ,Rp32.000,,
3DPrintFarm,Kab. Bantul,Custom Simple Finish Gate Hotwheels Diecast Track 3D Printed,Rp40.000,12 terjual,5.0
Erik Erik,Malang,Hot Wheels Subaru Impreza Kuning Boulevard Premium P 2023,Rp135.000,100+ terjual,5.0
Dynames Shop,Jakarta Barat,Hotwheels Premium Mitsubishi 3000GT VR4 Mountain Drifters 2022,Rp80.000,1 terjual,5.0
H&M Toys,Kab. Sleman,Hot Wheels Premium Boulevard Nissan Skyline RS KDR30,Rp100.000,8 terjual,5.0
Indonesia.,Surabaya,Hot Wheels Premium Fast and Furious 1999 Nissan Maxima original,Rp99.000,8 terjual,5.0
SbyStuff,Surabaya,Hot Wheels Premium Fast and Furious Nissan Skyline GTR R34,Rp350.000,50+ terjual,5.0
AndreTrackBuilderWorkshp,Tangerang,Hotwheels track konektor premium ori Mattel Hot Wheels track sambungan,Rp2.500,7rb+ terjual,5.0
EMS Toys Indonesia,Surabaya,Hotwheels Premium protector / protektor skala 1:64 Dash-Z (4),Rp6.750,250+ terjual,5.0
Timothy Diecast,Surabaya,Hot Wheels Premium Fast & Furious 1972 Ford Gran Torino Sport Dash F,Rp54.900,14 terjual,5.0
Timothy Diecast,Surabaya,Hot Wheels Premium Fast & Furious Toyota Soarer FALKEN Merah Dash F,Rp140.000,19 terjual,5.0
Erik Erik,Malang,Hot Wheels Honda Civic EG PREMIUM Diorama NEW LOOSE,Rp175.000,60+ terjual,5.0
Steam Key,Bekasi,HOT WHEELS UNLEASHED Ultimate Stunt Edition PC ORIGINAL,Rp29.900,30+ terjual,5.0
Dunia Aksesoris Kita,Jakarta Barat,Rak Rack Hotwheels 1:64 Isi 24 Header Slim Fit Edition,Rp148.000,500+ terjual,4.8
AndreTrackBuilderWorkshp,Tangerang,Hotwheels track Ultimate Garage ori Mattel Hot Wheels track,Rp2.799.900,80+ terjual,5.0
Dunia Aksesoris Kita,Jakarta Barat,Rak Rack Hotwheels 1:64 Isi 45 Pilar Logo Edition - Biru Navy,Rp243.000,4 terjual,5.0
Happy Kiddies Toy,Cimahi,Hot Wheels Celebration Box,Rp325.000,,
Mandala Sentosa,Malang,Hotwheels Premium Mountain Drifters- Toyota AE 86 Sprinter Trueno,Rp200.000,60+ terjual,4.9
Timothy Diecast,Surabaya,Hot Wheels Premium Mazda RX 7 FD HKS Putih Fast Furious Collector,Rp119.900,28 terjual,5.0
Hanstoy House,Jakarta Barat,Hotwheels Premium Team Transport 33 Willys Speed Waze,Rp154.999,2 terjual,5.0
Toys Lifestyle,Jakarta Barat,Mobil Hot Wheels Hotwheels Diecast Premium Car Culture,Rp55.000,12 terjual,5.0
Terminal Diecast,Semarang,Blister Protector Hotwheels PREMIUM CARD Merk PROCASE PRO CASE,Rp11.900,100+ terjual,5.0
SbyStuff,Surabaya,Hot Wheels Premium Fast And Furious Toyota Supra MK4 Silver Biru,Rp235.000,14 terjual,5.0
Erik Erik,Malang,Hot Wheels Canyon Warriors 2023 Premium ECERAN,Rp69.500,30+ terjual,5.0
Thunderon,Bandung,Hot Wheels Toyota Supra MK5 Skyline livery Fast and Furious Premium,Rp225.000,6 terjual,5.0
Indonesia.,Surabaya,Hot Wheels Premium Fast and Furious Toyota Soarer original,Rp126.000,6 terjual,5.0
Erik Erik,Malang,Hot Wheels Team Transport HW CLASSIC HYDROPLANE SPEED WAZE Premium,Rp150.000,60+ terjual,5.0
Erik Erik,Malang,Hot Wheels Modern Classics 2023 Premium Car Culture SET & ECERAN,Rp80.000,100+ terjual,5.0
Erik Erik,Malang,Hot Wheels Custom Mustang Fast Furious Mix C 2023 Premium,Rp90.000,100+ terjual,5.0
Schyzord,Jakarta Selatan,Hot Wheels Premium Volvo P220 Amazon Estate K&N Hotwheels,Rp70.000,6 terjual,5.0
Erik Erik,Malang,Hot Wheels McLAREN SPEEDTAIL Exotic Envy 2022 PREMIUM,Rp75.000,30+ terjual,5.0
Erik Erik,Malang,Hot Wheels 73 Volvo 142 GL Auto Strasse PREMIUM,Rp99.000,40+ terjual,4.9
littletayo,Tasikmalaya,HOTWHEELS BOULEVARD S NISSAN SILVIA PORSCHE MERCEDES BENZ AUDI PREMIUM,Rp69.900,3 terjual,5.0
Erik Erik,Malang,Hot Wheels 99 Nissan Maxima Fast Furious Mix C 2023 Premium,Rp110.000,50+ terjual,5.0
Matztoys,Kab. Bandung,RAK BLISTER HOTWHEELS PREMIUM,Rp39.900,70+ terjual,5.0
Songpandiecast,Bandung,Hot Wheels Premium LBWK Nissan Silvia S15 Putih BLV FREE PROTECTOR,Rp250.000,6 terjual,5.0
Indonesia.,Surabaya,Hot Wheels Premium Boulevard LB-ER34 Super Silhouette Nissan LWBK,Rp295.900,21 terjual,5.0
Hansel_Hotwheels,Denpasar,Hotwheels hot premium Mountain Drifters drifter Mitsubishi 3000GT VR 4,Rp80.000,2 terjual,5.0
Hansel_Hotwheels,Denpasar,Hotwheels hot premium Fast Furious MIX F SET NISSAN SILVIA S15 TOYOTA,Rp545.000,9 terjual,5.0
Erik Erik,Malang,Hot Wheels Team Transport PORSCHE 962 SAKURA SPRINTER SHELL PREMIUM,Rp199.000,100+ terjual,4.9
Mobil Keren,Jakarta Timur,Hot Wheels Premium Fast & Furious Nissan Skyline GT-R (BNR32) black,Rp139.800,5 terjual,5.0
Hansel_Hotwheels,Denpasar,Hotwheels hot premium RONIN RUN SET mazda subaru nissan starlet,Rp585.000,23 terjual,4.9
bhtx. lab,Depok,Hot Wheels Premium Jaguar XE SV Project 8 Full Force Fast & Furious,Rp84.900,7 terjual,5.0
Erik Erik,Malang,Hot Wheels 2023 Spettacolare Premium SET isi 5,Rp465.000,14 terjual,5.0
Erik Erik,Malang,Hot Wheels BMW M3 Merah Auto Strasse PREMIUM,Rp135.000,100+ terjual,5.0
Freakboyo Hobbies,Jakarta Selatan,Hot Wheels Premium Car Culture Race Day Porsche 935,Rp124.900,4 terjual,4.5
Hotwheels Shop Indonesia,Surabaya,HOT WHEELS  PORSCHE 962 SAKURA SPRINTER TEAM TRANSPORT PREMIUM,Rp188.900,20 terjual,5.0
Bryan Toys Shop,Surabaya,Hot Wheels Premium HW Off Road Big Air Bel Air,Rp59.900,7 terjual,5.0
Revan_Collections,Bogor,Hot Wheels Premium Car - Exotic Envy Lamborghini Huracan LP 610-4,Rp125.000,8 terjual,4.5
Hobbies Toys,Jakarta Barat,Hot Wheels Premium Team Transport ORI Mattel,Rp200.000,10 terjual,5.0
N&J Toys,Jakarta Barat,Hot Wheels Fast Furious Premium Case B,Rp2.590.000,11 terjual,4.8
KEZHOP GARAGE,Surabaya,HOT WHEELS PREMIUM MARVEL DEADPOOL SCOOTER NOT MINT,Rp155.000,4 terjual,5.0
Hot Wheels Flagship,Tangerang,Hot Wheels Monster Trucks Steer Clear 2023 - Mainan Mobil Balap,Rp99.900,50+ terjual,4.9
Spenshop,Jakarta Utara,Bburago 1:43 Diecast F1 2023 Redbull Racing RB19 #1 Verstappen ,Rp430.000,22 terjual,4.9
ASNTOYS,Kab. Bandung Barat,Ignition Model | Pandem Civic EG6 | Orange Metallic,Rp1.050.000,,
Him Diecast Toys,Kab. Sleman,TOMICA EVENT MODEL No.13 NISSAN GT-R,Rp250.000,1 terjual,
AndreTrackBuilderWorkshp,Tangerang,Hotwheels track builder HIGHWAY original Hot Wheels track playground,Rp349.900,40+ terjual,4.8
Dunia Aksesoris Kita,Jakarta Barat,"Rak Acrylic Hotwheels Isi 50 Square, Wooden Vintage Premium Skala 1:64",Rp365.000,30+ terjual,4.7
YSN Laser,Surabaya,Display Box Acrylic I Box Action Figure I Box Diecast Hotwheels,Rp1.000,100+ terjual,5.0
Brothpedia,Jakarta Selatan,Hoot Wheels Neon Speeder Complete Set,Rp1.000.000,,
Dunia Celengan,Kab. Bantul,"Rak Hotwheels Acrylic Isi 30, No Header Slim Fit Edition 1:64",Rp149.000,100+ terjual,5.0
Hot Wheels Flagship,Tangerang,Hot Wheels Skate TMNT Donatello - Mainan Fingerboard,Rp119.900,4 terjual,5.0
HPZ Store N Toys,Jakarta Selatan,Ban Karet Hotwheels Premium Alloy Carlomo S02,Rp139.999,250+ terjual,5.0
DID Store,Depok,hot wheels premium jeep gladiator furious fleet ban karet,Rp200.000,6 terjual,5.0
Erik Erik,Malang,HOT WHEELS VOLKSWAGEN CLASSIC BUG BOULEVARD G 2021 CAR CULTURE PREMIUM,Rp100.000,30+ terjual,5.0
Garasi Bilal 2019,Jakarta Selatan,hotwheels premium boulevard Nissan Laurel 2000 SGX,Rp74.900,,
littletayo,Tasikmalaya,HOTWHEELS PREMIUM FAST & FURIOUS FORD ESCORT RS200 PUTIH SPORT CAR,Rp79.900,8 terjual,5.0
Dunia Celengan,Kab. Bantul,RAK HOTWHEELS 45GARAGE PARKIR MIRING/SERONG ISI 24 TANPA LOGO,Rp198.000,4 terjual,5.0
Hot Wheels Flagship,Tangerang,Hot Wheels City Downtown Ice Cream Swirl Pink -Mainan Trek Mobil Balap,Rp223.930,5 terjual,5.0
Dunia Celengan,Kab. Bantul,"RAK HOTWHEELS ACRYLIC ISI 24 REGULER, TANPA LOGO SLIM SKALA 1:64",Rp128.000,100+ terjual,5.0
HAG Surabaya,Kab. Bekasi,Hotwheels Hot Wheels SDCC 2022 Marvel- Ghost Rider Motorcycle & Figure,Rp1.489.900,,
Dunia Celengan,Kab. Bantul,RAK HOTWHEELS 45GARAGE PARKIR MIRING/SERONG ISI 30 DENGAN LOGO,Rp269.000,1 terjual,5.0
Revours,Jakarta Selatan,Hotwheels Premium Deutschland Design Mercedes C63 Black Series Loose,Rp95.000,3 terjual,4.7
SbyStuff,Surabaya,Hot Wheels Premium Twin Pack Pandem Subaru BRZ & Lexus RC F GT3,Rp195.000,13 terjual,5.0
H&M Toys,Kab. Sleman,Hot Wheels Premium Speed Machines Set 5pcs,Rp484.900,3 terjual,5.0
Hansel_Hotwheels,Denpasar,Hotwheels hot car culture premium diorama SET Mercedes Benz,Rp335.000,10 terjual,5.0
Hotwheels Shop Indonesia,Surabaya,HOT WHEELS NISSAN SKYLINE RS (KDR30) BOULEVARD U PREMIUM,Rp99.900,5 terjual,5.0
Robby-,Jakarta Selatan,Hot Wheels Premium 72 Mercedes Benz 280 SEL 4.5 Modern Classics,Rp299.900,100+ terjual,5.0
Timothy Diecast,Surabaya,Hot Wheels Premium Nissan Skyline GTR R32 Hitam Fast Furious Mix E,Rp139.900,9 terjual,4.4
Hobbies Toys,Jakarta Barat,Hot Wheels Premium Team Transport ORI Mattel 2,Rp195.000,6 terjual,5.0
Revan_Collections,Bogor,Hot Wheels Premium Car - Deutchland Design Audi S4 Quattro,Rp65.000,1 terjual,5.0
AustenHotwheelsStore,Denpasar,MYSTERY BOX HOT WHEELS PREMIUM REAL CAR BAN KARET BASE BESI BY AUSTEN ,Rp80.000,60+ terjual,4.7
Hot Wheels Flagship,Tangerang,Matchbox Moving Parts Silver Citroen e-C4 X - Mainan Mobil Balap,Rp41.175,40+ terjual,4.9
Dunia Celengan,Kab. Bantul,"RAK HOTWHEELS ACRYLIC ISI 20, TANPA LOGO SLIM EDITION SKALA 1:64",Rp112.000,90+ terjual,4.8
Hot Wheels Flagship,Tangerang,Hot Wheels City Transforming Race Tower Playset - Mainan Trek Mobil,Rp487.425,100+ terjual,5.0
Dunia Celengan,Kab. Bantul,"Rak Hotwheel Acrylic Isi 50, Square Model Sleeding Etalase Skala 1:64",Rp262.000,250+ terjual,4.8
Hot Wheels Flagship,Tangerang,Hot Wheels Action Vertical Power Launch - Mainan Trek Mobil Balap,Rp189.900,70+ terjual,5.0
PROTOYZ Store,Probolinggo,Hotwheels PREMIUM BOULEVARD LB SUPER SILHOUETTE NISSAN SILVIA (S15),Rp229.900,2 terjual,5.0
KEZHOP GARAGE,Surabaya,HOT WHEELS PROTECTOR PREMIUM PROCASE,Rp15.000,30+ terjual,5.0
Timothy Diecast,Surabaya,Hot Wheels Premium Ford RS200 Putih Fast Furious Mix E,Rp74.900,11 terjual,5.0
Mandala Sentosa,Malang,Hotwheels Premium Modern Classics Volkswagen Corrado VR6,Rp85.000,13 terjual,5.0
Erik Erik,Malang,Hot Wheels Lancia Stratos Spettacolare Premium 2023,Rp75.000,16 terjual,5.0
Indonesia.,Surabaya,Hot Wheels Premium Two 2 Pack 73 Holden Monaro GTS Loose item,Rp89.000,3 terjual,5.0
Bunker Hot Wheels,Depok,Hotwheels Premium Race Day 2023 Set,Rp675.000,2 terjual,5.0
Aspal Diecast,Bogor,RAK DISPLAY GANTUNG HOT WHEELS PREMIUM & RETRO 50 CM,Rp16.250,750+ terjual,5.0
SuroboyoHobbies,Surabaya,hot wheels premium Team Transport Nissan Silvia HKS,Rp450.000,4 terjual,4.3
ria indrawati,Surabaya,HOT WHEELS DIORAMA SET NISSAN GTR PREMIUM,Rp600.000,17 terjual,5.0
Dunia Celengan,Kab. Bantul,"RAK HOTWHEELS ACRYLIC ISI 10, TANPA LOGO SLIM EDITION SKALA 1:64",Rp71.000,100+ terjual,4.9
Hot Wheels Flagship,Tangerang,Hot Wheels Matchbox 2013 Volvo V60 Station Wagon - Mainan Mobil Balap,Rp136.900,50+ terjual,5.0
Dunia Celengan,Kab. Bantul,"RAK HOTWHEELS ACRYLIC ISI 12, TANPA LOGO SLIM EDITION SKALA 1:64",Rp85.000,60+ terjual,5.0
Hot Wheels Flagship,Tangerang,Hot Wheels Skate Tony Hawk Tricked Out Pack - Mainan Fingerboard,Rp139.960,40+ terjual,5.0
Dunia Celengan,Kab. Bantul,"Rak Hotwheels Acrylic Isi 48, No Header Slim Fit Edition 1:64",Rp223.000,70+ terjual,4.9
Hanstoy House,Jakarta Barat,Hotwheels Premium Fast Furious Custom Acura Integra Sedan GSR,Rp129.900,11 terjual,4.6
Haha Hobbies,Jakarta Timur,Hot Wheels Premium Car Culture Power Trip,Rp50.000,8 terjual,5.0
SbyStuff,Surabaya,Hot Wheels Premium Twin Pack Nissan Skyline R33 & MBK Van HKS,Rp265.000,1 terjual,5.0
EMS Toys Indonesia,Surabaya,Hot Wheels HKF51 Premium 2-Pack PANDEM SUBARU - LEXUS RC  F GT3,Rp180.000,14 terjual,5.0
toseba anak,Kab. Bogor,HOTWHEELS '71 PORSCHE 911 HW PREMIUM CAR CULTURE,Rp99.999,,
Bang JE Gunpla,Semarang,hot wheels premium two pack subaru set,Rp200.000,3 terjual,5.0
enaenashop,Jakarta Barat,Hotwheels Premium Boulevard Q 2023 96 Chevy Impala,Rp65.000,2 terjual,5.0
Erik Erik,Malang,Hot Wheels 72 Mercedes Benz 280 SEL 4.5 Hijau Auto Strasse PREMIUM,Rp139.000,30+ terjual,5.0
littletayo,Tasikmalaya,RAK DISPLAY HOTWHEELS REGULER RETRO PREMIUM HORIZONTAL PANJANG 50 cm,Rp6.700,1rb+ terjual,4.9
Aza_HotWheelShop,Denpasar,HOT WHEELS SET FAST AND FURIOUS PREMIUM 2022 NISSAN SKYLINE GT-R BNR34,Rp849.900,50+ terjual,5.0
Bryan Toys Shop,Surabaya,Hot Wheels Premium Two Pack Loose New Nissan Silvia S13,Rp94.900,2 terjual,5.0
Erik Erik,Malang,Hot Wheels Team Transport 16 MERCEDES AMG GT3 FLEET STREET Premium,Rp335.000,100+ terjual,5.0
Timothy Diecast,Surabaya,Hot Wheels Premium Two 2 Pack New Loose Mitsubishi Lancer Evolution VI,Rp119.900,3 terjual,5.0
Mobil Keren,Jakarta Timur,Hot Wheels Premium Fast & Furious Nissan Skyline GT-R (BCNR33) Yellow,Rp143.000,13 terjual,4.9
H 24,Semarang,Hot Wheels Premium Boulevard Porsche 935 Race Car RLC Outlaw RWB LBWK,Rp115.000,6 terjual,5.0
Hanstoy House,Jakarta Barat,Hot Wheels Hotwheels Premium Fast Furious 95 Mitsubishi Eclipse,Rp199.900,4 terjual,5.0
SbyStuff,Surabaya,Hot Wheels Premium Fast & Furious Nissan Skyline GTR BNR34 R34 Orange,Rp275.000,21 terjual,5.0
Bryan Toys Shop,Surabaya,Hot Wheels Premium Fast & Furious 1972 Ford Gran Torino Sport,Rp54.900,1 terjual,5.0
Indonesia.,Surabaya,Hot Wheels Premium Fast and Furious 1969 Ford Mustang Boss 302 ori,Rp90.000,3 terjual,5.0
Garasi Cilla,Jakarta Pusat,Hotwheels Premium Street Tuners 1 SET Hot Wheels Car Culture Ban Karet,Rp2.175.000,1 terjual,5.0
Erik Erik,Malang,Hot Wheels Diorama SET BMW M SERIES PREMIUM 2022,Rp460.000,100+ terjual,5.0
N&J Toys,Jakarta Barat,Hot Wheels Premium Car Culture Modern Classic 2023 Case E FullSet 5pcs,Rp675.000,1 terjual,5.0
Tafanti Toys,Jakarta Timur,hotwheels premium nissan r34 lbwk putih,Rp275.000,2 terjual,5.0
Mandala Sentosa,Malang,Hotwheels Premium Mountain Drifters- Mitsubishi 3000 GT VR-4,Rp85.000,9 terjual,5.0
Songpandiecast,Bandung,HOTWHEELS PREMIUM FAST  AND FURIOUS TOYOTA SOARER FREE PROTECTOR,Rp135.000,3 terjual,5.0
Adnan Frame,Kab. Bantul,diorama parkiran hotwheels 40 mobil tutup akrilik premium,Rp550.000,12 terjual,4.9
Erik Erik,Malang,Hot Wheels Fast Furious Porsche 718 Cayman GT4 PREMIUM,Rp150.000,100+ terjual,4.9
Hobbies Toys,Jakarta Barat,1 Set Hot Wheels Premium 2023 Car Culture Fast & Furious Mix B HNW46-B,Rp500.000,,
OVER TARGET,Jakarta Pusat,Hotwheels Premium 65 Dodge Coronet Ban Karet Base Besi,Rp58.500,11 terjual,5.0
Prestige Toys,Jakarta Utara,Protektor / Protector Hotwheels Premium Car Culture,Rp35.000,9 terjual,5.0
media online toys,Jakarta Barat,hot wheels premium snoopy 1:64,Rp115.000,2 terjual,5.0
Vovo Toys,Jakarta Pusat,Hot Wheels Premium The Fast and Furious Honda NSX-R 2003 HotWheels,Rp104.900,3 terjual,5.0
Widechocoo_store,Jakarta Timur,Hotwheels Premium Nissan // Aero Lift,Rp170.000,,
Toys Care,Tasikmalaya,HOTWHEELS PREMIUM EXOTIC ENVY McLAREN F1 MARUN - P1 SPORT CAR LOT G,Rp69.800,5 terjual,5.0
Robby-,Jakarta Selatan,HotWheels Premium Land Rover Defender 110 Hard Top British Horse Power,Rp199.900,50+ terjual,4.9
Hot Wheels Flagship,Tangerang,Hot Wheels Double Loop Dash - Mainan Trek Mobil Balap,Rp699.900,100+ terjual,4.9
Dunia Celengan,Kab. Bantul,RAK HOTWHEELS ACRYLIC 45GARAGE PARKIR MIRING/SERONG ISI 60 MEMANJANG,Rp415.000,5 terjual,5.0
Hot Wheels Flagship,Tangerang,Hot Wheels Action Triple Loop Kit - Mainan Trek Mobil Balap,Rp500.435,12 terjual,4.9
Dunia Celengan,Kab. Bantul,"Rak Hotwheels Acrylic Isi 30, Slim Fit Edition PIntu Sleeding 1:64",Rp179.000,60+ terjual,4.9
Hot Wheels Flagship,Tangerang,Hot Wheels Skate TMNT Leonardo - Mainan Fingerboard,Rp107.910,3 terjual,5.0
Dunia Aksesoris Kita,Jakarta Barat,"Rak Acrylic Hotwheels Isi 50 Square, Wooden Vintage Premium Skala 1:64",Rp365.000,30+ terjual,4.7
YSN Laser,Surabaya,Display Box Acrylic I Box Action Figure I Box Diecast Hotwheels,Rp1.000,100+ terjual,5.0
Brothpedia,Jakarta Selatan,Hoot Wheels Neon Speeder Complete Set,Rp1.000.000,,
Dunia Celengan,Kab. Bantul,"Rak Hotwheels Acrylic Isi 30, No Header Slim Fit Edition 1:64",Rp149.000,100+ terjual,5.0
Hot Wheels Flagship,Tangerang,Hot Wheels Skate TMNT Donatello - Mainan Fingerboard,Rp119.900,4 terjual,5.0
Bryan Toys Shop,Surabaya,Hot Wheels Premium Fast & Furious 1969 Ford Mustang Boss 302,Rp79.900,3 terjual,5.0
HPZ Store N Toys,Jakarta Selatan,Ban Karet Hotwheels Premium Alloy Carlomo S03,Rp139.999,250+ terjual,5.0
serbiw collectibles,Jakarta Selatan,KYM - Hot Wheels Premium The Bat - The Dark Knight Rises - Batman,Rp99.100,1 terjual,5.0
media online toys,Jakarta Barat,hotwheels premium 1:64 mercedes benz C63 AMG 2012,Rp135.000,7 terjual,5.0
Erik Erik,Malang,Hot Wheels Lamborghini Countach PUTIH Spettacolare Premium 2023,Rp165.000,8 terjual,5.0
Dunia Celengan,Kab. Bantul,RAK HOTWHEELS 45GARAGE PARKIR MIRING/SERONG ISI 24 TANPA LOGO,Rp198.000,4 terjual,5.0
Hot Wheels Flagship,Tangerang,Hot Wheels City Downtown Ice Cream Swirl Pink -Mainan Trek Mobil Balap,Rp223.930,5 terjual,5.0
Dunia Celengan,Kab. Bantul,"RAK HOTWHEELS ACRYLIC ISI 24 REGULER, TANPA LOGO SLIM SKALA 1:64",Rp128.000,100+ terjual,5.0
HAG Surabaya,Kab. Bekasi,Hotwheels Hot Wheels SDCC 2022 Marvel- Ghost Rider Motorcycle & Figure,Rp1.489.900,,
Dunia Celengan,Kab. Bantul,RAK HOTWHEELS 45GARAGE PARKIR MIRING/SERONG ISI 30 DENGAN LOGO,Rp269.000,1 terjual,5.0
N&J Toys,Jakarta Barat,Hot Wheels Boulevard Premium Mix Case U 2024 Fullset ,Rp750.900,1 terjual,
Aza_HotWheelShop,Denpasar,Hot Wheels Lamborghini Aventador Coupe Euro Fast FNF Premium,Rp219.000,30+ terjual,4.8
Mandala Sentosa,Malang,Hotwheels Premium Diorama Beach Patrol,Rp350.000,1 terjual,5.0
littletayo,Tasikmalaya,RAK DISPLAY HOTWHEELS REGULER RETRO PREMIUM HORIZONTAL PANJANG 1 m,Rp12.650,1rb+ terjual,4.9
julhobbies,Jakarta Pusat,hotwheels fast furious full force premium box set complete,Rp899.000,9 terjual,5.0
Timothy Diecast,Surabaya,Hot Wheels Premium Fast Furious Dash F Nissan S15 Soarer Boss 302 Mix,Rp54.900,11 terjual,4.8
SbyStuff,Surabaya,Hot Wheels Premium Twin Pack LB ER34 LBWK & Skyline Silhouette,Rp365.000,4 terjual,5.0
Kori Cast,Bogor,Hotwheels - Premium Alfa Romeo 155 V6 TI LOOSE,Rp99.900,,
Erik Erik,Malang,Hot Wheels Mitsubishi Lancer Evolution VI Merah Boulevard R Premium,Rp199.000,24 terjual,5.0
HOT PROTECTOR-Z,Semarang,Blister Protector HotWheels Premium (PLATINUM SERIES DASH-Z),Rp13.000,70+ terjual,5.0
Hot Wheels Flagship,Tangerang,Matchbox Moving Parts Silver Citroen e-C4 X - Mainan Mobil Balap,Rp41.175,40+ terjual,4.9
Dunia Celengan,Kab. Bantul,"RAK HOTWHEELS ACRYLIC ISI 20, TANPA LOGO SLIM EDITION SKALA 1:64",Rp112.000,90+ terjual,4.8
Hot Wheels Flagship,Tangerang,Hot Wheels City Transforming Race Tower Playset - Mainan Trek Mobil,Rp487.425,100+ terjual,5.0
Dunia Celengan,Kab. Bantul,"Rak Hotwheel Acrylic Isi 50, Square Model Sleeding Etalase Skala 1:64",Rp262.000,250+ terjual,4.8
Hot Wheels Flagship,Tangerang,Hot Wheels Action Vertical Power Launch - Mainan Trek Mobil Balap,Rp189.900,70+ terjual,5.0
Erik Erik,Malang,Hot Wheels Toyota AE86 Sprinter Trueno Mountain Drifters PREMIUM,Rp220.000,23 terjual,5.0
Erik Erik,Malang,Hot Wheels 71 MUSTANG MACH 1 Boulevard M 2022 PREMIUM,Rp95.000,50+ terjual,5.0
Mobil Keren,Jakarta Timur,Protector blister diecast Hot Wheels Premium Pop Culture,Rp13.500,90+ terjual,4.9
WijayKun,Kab. Bogor,Hot Wheels Premium Boulevard Nissan Silvia S15 LBWK 1 Set,Rp140.000,,
WMA Retail Official,Malang,Hot Wheels Premium Land Rover Defender 90 Boulevard,Rp130.000,3 terjual,5.0
KEZHOP GARAGE,Surabaya,HOT WHEELS PREMIUM BATMAN BATMOBILE VELG HITAM,Rp115.000,7 terjual,4.9
Tiny Supers,Jakarta Pusat,"Protector / Blister / Card Protector Hot Wheels, Matchbox Premium",Rp8.200,22 terjual,5.0
Erik Erik,Malang,Hot Wheels Lamborghini Countach KUNING Spettacolare Premium 2023,Rp130.000,11 terjual,5.0
Timothy Diecast,Surabaya,Hot Wheels Premium Team Transport 33 Willys Vs Speed Waze,Rp164.900,4 terjual,5.0
Indonesia.,Surabaya,Hot Wheels Premium Fast and Furious Nissan Silvia (S15) Monalisa ori,Rp275.000,4 terjual,5.0
Dunia Celengan,Kab. Bantul,"RAK HOTWHEELS ACRYLIC ISI 12, TANPA LOGO SLIM EDITION SKALA 1:64",Rp85.000,60+ terjual,5.0
Hot Wheels Flagship,Tangerang,Hot Wheels Matchbox 2013 Volvo V60 Station Wagon - Mainan Mobil Balap,Rp136.900,50+ terjual,5.0
Dunia Celengan,Kab. Bantul,"RAK HOTWHEELS ACRYLIC ISI 10, TANPA LOGO SLIM EDITION SKALA 1:64",Rp71.000,100+ terjual,4.9
Hot Wheels Flagship,Tangerang,Hot Wheels Skate Tony Hawk Tricked Out Pack - Mainan Fingerboard,Rp139.960,40+ terjual,5.0
Dunia Celengan,Kab. Bantul,"Rak Hotwheels Acrylic Isi 48, No Header Slim Fit Edition 1:64",Rp223.000,70+ terjual,4.9
PRIMESPOT OFFICIAL,Jakarta Barat,600 Pcs Primecase Protector / Protektor Hotwheels Hot Wheels Premium,Rp6.000,,
Aza_HotWheelShop,Denpasar,Hot Wheels LAND ROVER DEFENDER 90 Hitam Fast and Furious Fleet Premium,Rp149.900,22 terjual,5.0
Fifi garage,Surakarta,"Hotwheels Premium Fast Furious, Toyota Altezza, Porsche ",Rp55.000,15 terjual,5.0
Erik Erik,Malang,Hot Wheels Fast Furious Mix E 2024 PREMIUM ECERAN,Rp70.000,40+ terjual,4.9
MARCELLO DIECAST,Jakarta Pusat,HotWheels PREMIUM TEAM TRANSPORTER 70 PLYMOUTH SUPERBIRD WIDE OPEN,Rp240.000,,
Barrapradhika,Jakarta Timur,NISSAN 240SX S14 (Fast & Furious) Premium Hot Wheels Diecast,Rp120.000,2 terjual,5.0
Erik Erik,Malang,Hot Wheels Car Culture HW OFF ROAD Premium 2023 SET&ECERAN,Rp75.000,50+ terjual,5.0
KEZHOP GARAGE,Surabaya,HOT WHEELS PREMIUM TOYOTA PICKUP TRUCK BIRU,Rp125.000,11 terjual,5.0
DID Store,Depok,hot wheels premium mercedes benz 300 sel 6.8 amg hw deutschland design,Rp175.000,4 terjual,5.0
Mobil Keren,Jakarta Timur,Hot Wheels Premium 2 pack Pandem Subaru BRZ & Lexus RC F GT3 Ban Karet,Rp189.800,8 terjual,5.0
Hobbs_Garage,Jakarta Selatan,Protector Hotwheels premium ,Rp9.500,8 terjual,4.5
DiecastBitung,Manado,Hot Wheels Premium Obral,Rp85.000,2 terjual,5.0
littletayo,Tasikmalaya,HOTWHEELS BOULEVARD S 70 DODGE HEMI CHALLENGER HITAM PREMIUM,Rp69.900,5 terjual,5.0
DPH Diecast,Kab. Bekasi,Custom Card LBWK Nissan ER34 Super Chase Hot Wheels Premium,Rp93.500,9 terjual,5.0
Norris Garage,Tangerang Selatan,Hot Wheels Premium Mercedes Benz 300 SEL Error,Rp128.900,,
Erik Erik,Malang,Hot Wheels '12 Corvette Z06 Drag Racer Boulevard L 2022 Premium,Rp65.000,100+ terjual,5.0
Hobbies Toys,Jakarta Barat,Hot Wheels Premium Murah Meriah,Rp65.000,6 terjual,5.0
HDS Diecast store,Kab. Sleman,Toyota supra premium series hot wheels toyota series,Rp475.000,,
Hotbims Toys,Malang,hotwheels premium fast furious R33 ,Rp180.000,,
Hot Wheels Flagship,Tangerang,Hot Wheels Premium Porsche Renschport 4 Mini Cars Collector Set,Rp471.665,5 terjual,5.0
AliToysCollection,Bekasi,Rak Hotwheels Blister premium isi 10 pcs,Rp29.500,22 terjual,5.0
H&M Toys,Kab. Sleman,Hot Wheels Premium Fast & Furious Nissan Silvia S15 Dash F Monalisa,Rp249.900,2 terjual,5.0
Timothy Diecast,Surabaya,Hot Wheels Premium 2 Pack Mitsubishi Lancer Evo VI Mitsubishi Eclipse,Rp189.900,1 terjual,5.0
Timothy Diecast,Surabaya,Hot Wheels Premium 1970 Plymouth ARR Cuda Hitam Fast Furious Mix E,Rp74.900,13 terjual,4.9
TERRA Display,Kab. Tangerang,TERRA X Series Akrilik Diecast Display Box 1 64 Hotwheels Premium,Rp86.800,100+ terjual,5.0
Timothy Diecast,Surabaya,Hot Wheels Premium Chase Car Exotic Envy 71 Porsche 911 Black Bandit,Rp1.175.000,8 terjual,5.0
littletayo,Tasikmalaya,HOTWHEELS PREMIUM BOULEVARD J - VW VOLKSWAGEN DRAG BUS VOLKSWAGEN CAR,Rp49.900,4 terjual,5.0
Mandala Sentosa,Malang,Hotwheels Premium Boulevard Landrover Defender 90,Rp130.000,10 terjual,5.0
Toko Gravity,Kab. Tangerang,Hotwheels premium Japan Historics 3 JH3 - 85 Honda City,Rp75.000,4 terjual,5.0
Erik Erik,Malang,HOT WHEELS VOLVO P220 AMAZON ESTATE KUNING BOULEVARD K 2022 PREMIUM,Rp75.000,100+ terjual,5.0
HiKoro,Jakarta Barat,Hot Wheels ( PREMIUM ) Open Track Mercedes AMG GT 3,Rp135.000,,
Erik Erik,Malang,Hot Wheels NEW LOOSE Diorama BMW M3 E46 Premium,Rp145.000,40+ terjual,4.9
SbyStuff,Surabaya,Hot Wheels Premium Fast and Furious Nissan Skyline GTR R33,Rp145.000,30+ terjual,5.0
Felix Rivan Shop,Depok,Hot Wheels Car Culture Premium Haulin Gas 76 Union ,Rp75.000,4 terjual,5.0
MAFFIA,Semarang,Hot Wheels - Lamborghini Essenza SCV12 Premium Garage Loose,Rp148.000,6 terjual,5.0
Hot Wheels Flagship,Tangerang,Hot Wheels Double Loop Dash - Mainan Trek Mobil Balap,Rp699.900,100+ terjual,4.9
Dunia Celengan,Kab. Bantul,RAK HOTWHEELS ACRYLIC 45GARAGE PARKIR MIRING/SERONG ISI 60 MEMANJANG,Rp415.000,5 terjual,5.0
Hot Wheels Flagship,Tangerang,Hot Wheels Action Triple Loop Kit - Mainan Trek Mobil Balap,Rp500.435,12 terjual,4.9
Dunia Celengan,Kab. Bantul,"Rak Hotwheels Acrylic Isi 30, Slim Fit Edition PIntu Sleeding 1:64",Rp179.000,60+ terjual,4.9
Hot Wheels Flagship,Tangerang,Hot Wheels Skate TMNT Leonardo - Mainan Fingerboard,Rp107.910,3 terjual,5.0
Dunia Celengan,Kab. Bantul,RAK TEMPAT DISPLAY HOTWHEELS 1:64 MODEL SEGI ENAM HEXAGON SMALL,Rp132.000,30+ terjual,4.9
Hot Wheels Flagship,Tangerang,Hot Wheels Skate Root Canal - Mainan Fingerboard,Rp99.900,,
Dunia Celengan,Kab. Bantul,Rak Hotwheels Acrylic Slim Fit Edition ISI 72 PIntu Sleeding 1:64,Rp361.000,11 terjual,5.0
Fantasi Toys Store,Kab. Temanggung,HW Hot Wheels Lamborghini Countach kuning 1997 First Editions 25th,Rp90.000,9 terjual,5.0
Mombaby1,Jakarta Utara,Mainan Anak Mobil Hotwheels / Mainan mobil hotwheels,Rp20.000,90+ terjual,4.8
EK64RAGE,Semarang,Hotwheels Premium Honda S2000 Fast Furious ( SUKI ),Rp400.000,2 terjual,5.0
SbyStuff,Surabaya,Hot Wheels Premium Fast and Furious Nissan 240SX S14,Rp120.000,40+ terjual,5.0
MAFFIA,Semarang,Hot Wheels - Nissan Skyline GT-R R33 Premium Set Loose,Rp109.000,12 terjual,5.0
Erik Erik,Malang,Hot Wheels HONDA CIVIC EG SPOON Modern Classics 2023 PREMIUM,Rp275.000,30+ terjual,5.0
Norris Garage,Tangerang Selatan,Hot Wheels Premium 1997 Mercedes Benz CLK GTR | Team Transport,Rp189.900,1 terjual,5.0
Toymagz,Surabaya,Hot Wheels Murah Original 100% Mattel Koleksi Mobil Kado Anak Laki2,Rp25.000,4 terjual,5.0
Fantasi Toys Store,Kab. Temanggung,HW Hot Wheels 24 Ours biru muda,Rp90.000,9 terjual,5.0
Toymagz,Surabaya,Hot Wheels Reguler Blue Card Lots F N P Q  2023 1 Box isi 72 pcs Murah,Rp1.512.000,,
R&M Toys,Jakarta Utara,Mainan Anak Mobil Hotwheels / Mainan mobil hotwheels,Rp20.000,100+ terjual,4.7
Toymagz,Surabaya,"Hot Wheels Murah Original 100% Mattel Koleksi Mobil Kado Anak Laki
",Rp25.000,1 terjual,5.0
Well Well.,Jakarta Utara,Hot Wheels Premium Mountain Drifter 03 Honda NSX Type R,Rp124.900,2 terjual,5.0
Hotwheels Shop Indonesia,Surabaya,HOT WHEELS 72 PLYMOUTH CUDA RETRO RIG TEAM TRANSPORT PREMIUM,Rp184.900,19 terjual,5.0
Erik Erik,Malang,Hot Wheels Boulevard Mix R 2023 Premium SET ISI 5,Rp560.000,6 terjual,5.0
bhtx. lab,Depok,Hot Wheels Premium Nissan Skyline GT-R BCNR33 Original Fast R33,Rp279.900,6 terjual,5.0
PROTOYZ Store,Probolinggo,Hotwheels PREMIUM POP CULTURE BARBIE KOOL KOMBI,Rp194.500,4 terjual,5.0
BTS Toys Store,Surabaya,Hot Wheels Premium HW Off Road Big Air Bel Air,Rp59.900,3 terjual,5.0
XVtoys,Tangerang,hot wheels 2 pack premium HKS MBK Van + Skyline GTR BCNR33 R33,Rp250.000,2 terjual,5.0
NetsPoint,Jakarta Barat,hot wheels premium - Team Transport Made Mike Mazda RX3,Rp220.000,,
Erik Erik,Malang,HOT WHEELS MERCEDES BENZ 300SEL 6.8 AMG BOULEVARD 2022 PREMIUM,Rp165.000,100+ terjual,5.0
Fun D Bricks,Jakarta Utara,Hot Wheels Fast Furious Classic Premium 5 Pack,Rp374.000,4 terjual,5.0
Dunia Aksesoris Kita,Jakarta Barat,Rak Hotwheels Header Edition Skala 1 : 64 isi 100 unit,Rp570.000,100+ terjual,4.8
Toymagz,Surabaya,Promo Hot Wheels Original Asli Murah Mobil Diecast Murah Skala 1/64,Rp25.000,,
Steam Key,Bekasi,HOT WHEELS UNLEASHED Ultimate Stunt Edition PC ORIGINAL,Rp29.900,30+ terjual,5.0
Toymagz,Surabaya,Promo Hot Wheels Asli Original Murah Mobil Diecast Skala 1/64 ,Rp32.000,,
Dunia Aksesoris Kita,Jakarta Barat,Rak Rack Hotwheels 1:64 Isi 24 Header Slim Fit Edition,Rp148.000,500+ terjual,4.8
ZIFIstore37,Kab. Bandung,Hot Wheels Premium Fast And Furious Free Protector - Diecast Mobil FNF,Rp65.000,4 terjual,5.0
21 Gem Toy's,Bandung,hotwheels premium ghost buster echo-1 #019,Rp187.200,,
ZerounEza Acrylic,Jakarta Pusat,DISPLAY ACRYLIC HOTWHEELS / BLISTER CARD PREMIUM / CASE / PROTECTION,Rp65.000,28 terjual,5.0
PROTOYZ Store,Probolinggo,Hotwheels PREMIUM FAST & FURIOUS 1969 FORD MUSTANG BOSS 302,Rp86.500,1 terjual,5.0
Erik Erik,Malang,Hot Wheels Diorama Japanese Tuners Premium SET,Rp435.000,40+ terjual,5.0
SbyStuff,Surabaya,Hot Wheels Premium Porsche Diorama Box Set,Rp425.000,1 terjual,5.0
Vovo Toys,Jakarta Pusat,Hot Wheels Boulevard Premium Nissan Silvia S15 Nismo R-Tune Proto,Rp199.900,2 terjual,5.0
Vastco Indonesia,Jakarta Barat,Hot Wheels The Beatles Yellow Submarine Hotwheels Premium Diecast,Rp129.900,6 terjual,5.0
Solafide JKT,Jakarta Barat,hot wheels premium protector isi 6 hot wheels merek procase ,Rp85.000,2 terjual,5.0
Diecast Otaku,Kab. Sleman,Tambahan Protektor Hot Wheels Premium,Rp8.500,100+ terjual,5.0
Happy Kiddies Toy,Cimahi,Hot Wheels Celebration Box,Rp325.000,,
Dunia Aksesoris Kita,Jakarta Barat,Rak Rack Hotwheels 1:64 Isi 45 Pilar Logo Edition - Biru Navy,Rp243.000,4 terjual,5.0
Hot Wheels Flagship,Tangerang,Hot Wheels Monster Trucks Steer Clear 2023 - Mainan Mobil Balap,Rp99.900,50+ terjual,4.9
Spenshop,Jakarta Utara,Bburago 1:43 Diecast F1 2023 Redbull Racing RB19 #1 Verstappen ,Rp430.000,22 terjual,4.9
ASNTOYS,Kab. Bandung Barat,Ignition Model | Pandem Civic EG6 | Orange Metallic,Rp1.050.000,,
NA diecast and toys shop,Surabaya,Hot wheels premium - Lamborghini essenza SCV12,Rp175.000,,
EMS Toys Indonesia,Surabaya,Hotwheels Premium protector / protektor skala 1:64 Dash-Z (3),Rp7.000,50+ terjual,5.0
Erik Erik,Malang,HOT WHEELS 2022 JURASSIC WORLD MERCEDES-BENZ UNIMOG U 1300 L PREMIUM,Rp75.000,6 terjual,5.0
DID Store,Depok,hot wheels premium volvo 850 estate fast wagons,Rp130.000,12 terjual,5.0
N&J Toys,Jakarta Barat,Hot wheels Fast Furious Premium Fast Rewind,Rp1.800.000,1 terjual,5.0
Bryan Toys Shop,Surabaya,Hot Wheels Premium Exotic Envy McLaren F1 Merah,Rp79.900,6 terjual,5.0
BTS Toys Store,Surabaya,Hot Wheels Premium Fast & Furious 1969 Ford Mustang Boss 302,Rp79.900,4 terjual,4.5
Erik Erik,Malang,Hot Wheels Team Transport MG METRO 6R4 HW RALLY HAULER Premium,Rp199.000,17 terjual,5.0
Nanz0-3dprint,Surakarta,Rak Display Premium Isi 10 Mobil 1/64 HOTWHEELS Diecast Akrilik - n0,Rp110.000,11 terjual,5.0
Mandala Sentosa,Malang,Hotwheels Premium Modern Classics Honda Civic EG,Rp260.000,6 terjual,5.0
Nanz0-3dprint,Surakarta,Rak Display Premium Isi 5 Mobil 1/64 HOTWHEELS MiniGT Akrilik - n0,Rp50.000,30+ terjual,4.8
Pronto Diecast,Denpasar,Hot Wheels Premium Alfa Romeo 155 V6 Ti Boulevard L Merah,Rp100.000,1 terjual,5.0
Erik Erik,Malang,Hot Wheels Volkswagen Caddy Boulevard Premium P 2023,Rp78.000,50+ terjual,5.0
H&M Toys,Kab. Sleman,Hot Wheels Premium 2 Pack 91 Nissan Sentra Vs Nissan Silvia S13,Rp199.900,5 terjual,4.8
media online toys,Jakarta Barat,hot wheels premium 1:64 batwing,Rp145.000,6 terjual,5.0
ghstore,Jakarta Timur,hotwheels premium car culture nissan skyline silhouette,Rp369.999,4 terjual,5.0
PakBapakUrban,Jakarta Selatan,hotwheels premium porsche 959,Rp85.000,,
Erik Erik,Malang,Hot Wheels NEW LOOSE Diorama Truck BMW Motorsport FLEET FLYER PREMIUM,Rp135.000,30+ terjual,5.0
BTS Toys Store,Surabaya,Hot Wheels Premium Two Pack Loose New BMW 320 Group 5,Rp69.900,2 terjual,5.0
N&J Toys,Jakarta Barat,Hot Wheels Premium Fast and Furious Dash Mix F 2024 Fullset ,Rp605.000,1 terjual,5.0
bhtx. lab,Depok,Hot Wheels Premium 67 Ford Anglia Racer Boulevard Mix Hotwheels,Rp69.900,1 terjual,5.0
OVER TARGET,Jakarta Pusat,Hotwheels Premium 66 Chevrolet Corvair Yenko Stinger BanKaretBaseBesi,Rp54.500,29 terjual,4.9
Vin HobbyShop,Kab. Kendal,HotWheels Premium Fast furious 95 Mitsubishi eclipse,Rp200.000,1 terjual,5.0
wins'store26,Jakarta Selatan,Hotwheels Premium & Basic Second,Rp8.500,4 terjual,5.0
BTS Toys Store,Surabaya,Hot Wheels Premium Fast & Furious Toyota Soarer,Rp134.900,3 terjual,4.5
Tesla Reborn,Jakarta Barat,Hotwheels Hot Wheels Fast & Furious Premium Mix 4 Land Rover Defender,Rp175.000,6 terjual,5.0
Panda_123,Jakarta Barat,Hot Wheels Porsche 959 Premium Ban Karet,Rp125.000,6 terjual,5.0
SuroboyoHobbies,Surabaya,Hot Wheels Premium Boulevard Porsche 911 Turbo (930) Japan Sticker,Rp135.000,3 terjual,
OVER TARGET,Jakarta Pusat,Hotwheels Premium Lamborghini Urus Ban Karet Base Besi,Rp64.500,22 terjual,5.0
Maru diecast and hobby,Jakarta Barat,hotwheels premium cool one tom and jerry,Rp120.000,,
HOT PROTECTOR-Z,Semarang,Blister Protector Hot Wheels Premium (DASH-Z),Rp8.500,90+ terjual,5.0
Erik Erik,Malang,Hot Wheels 04 Mazda Mazdaspeed Miata Premium Boulevard Q 2023,Rp95.000,40+ terjual,5.0
kafidiecast,Bekasi,Hot Wheels Mercedes Benz 190E Premium Boulevard,Rp135.000,1 terjual,
DID Store,Depok,hot wheels premium honda s2000 pink quick shifters fast and furious,Rp485.000,29 terjual,5.0
Bryan Toys Shop,Surabaya,Hot Wheels Premium HW Off Road 1993 Mercedes Benz G-Class,Rp109.900,4 terjual,5.0
Him Diecast Toys,Kab. Sleman,TOMICA EVENT MODEL No.13 NISSAN GT-R,Rp250.000,1 terjual,
AndreTrackBuilderWorkshp,Tangerang,Hotwheels track builder HIGHWAY original Hot Wheels track playground,Rp349.900,40+ terjual,4.8
The Shop Shop Original,Bekasi,Mainan Diecast Hot Wheels Track Set City Scorpion Flex Attack Original,Rp369.645,,
AndreTrackBuilderWorkshp,Tangerang,Hotwheels Track Pack Foldable ori Mattel Hot Wheels track Fold Up,Rp125.000,100+ terjual,5.0
The Shop Shop Original,Bekasi,Diecast Mobil Hot Wheels Hill Climb Champion Track Set Original,Rp297.616,,
The Shop Shop Original,Bekasi,Diecast Mobil Hot Wheels Hill Climb Champion Track Set Original,Rp297.616,,
The Shop Shop Original,Bekasi,Tomica Event Model Diecast No 5 Porsche 911 Takara Tomy Original,Rp133.650,,
The Shop Shop Original,Bekasi,Mainan Diecast Hot Wheels Monster Trucks Twisted Tredz Zombie Wrex Ori,Rp188.408,,
Vila Diecast,Kab. Blora,Hotwheels Premium Boulevard DeTomaso Pantera,Rp59.900,9 terjual,5.0
Timothy Diecast,Surabaya,Hot Wheels Premium Lamborghini Huracan LP 610 Exotic Envy Car Culture,Rp139.900,14 terjual,5.0
H&M Toys,Kab. Sleman,Hot Wheels Premium Boulevard Porsche 911 Turbo (930) - Kuning,Rp139.900,21 terjual,5.0
media online toys,Jakarta Barat,1 Set Hotwheels Premium Fast & Furious HNW46-956C,Rp465.000,,
Vastco Indonesia,Jakarta Barat,Hot Wheels Fast & Furious 71 Plymouth GTX Hotwheels Premium Full Force,Rp99.900,100+ terjual,5.0
OVER TARGET,Jakarta Pusat,Hotwheels Premium Garage 16 Bugatti Chiron Ban Karet Base Besi Loose,Rp79.800,3 terjual,5.0
Timothy Diecast,Surabaya,Hot Wheels Premium Diorama VW Transporter Porsche 917 LH 911 R 935,Rp475.000,4 terjual,5.0
bhtx. lab,Depok,Hot Wheels Premium 1999 Nissan Maxima Fast & Furious Bundle Loose,Rp84.900,,
Masbro Figure,Jakarta Barat,Diecast HotWheels Premium marvel Volkswagen Hiway Combat Mbk Landrover,Rp49.000,24 terjual,4.9
Timothy Diecast,Surabaya,Hot Wheels Premium Exotic Envy Lamborghini Reventon Roadster Orange,Rp134.900,4 terjual,5.0
BLESS J&R SHOP,Jakarta Barat,HOT WHEELS PREMIUM GRAN TURISMO EDITION FORD GT,Rp199.999,1 terjual,5.0
Vovo Toys,Jakarta Pusat,Hot Wheels Premium Toyota Land Cruiser FJ60 Fast Furious Hotwheels,Rp149.900,15 terjual,5.0
Timothy Diecast,Surabaya,Hot Wheels Premium Mail In Ford Mustang Boss 302 Zamac Edition,Rp200.000,4 terjual,5.0
H&M Toys,Kab. Sleman,Hot Wheels Premium Boulevard 20 Toyota GR Supra,Rp229.900,10 terjual,5.0
Robby-,Jakarta Selatan,Hot Wheels Premium Fast Furious Mix D 2023 1991 BMW M5 ban karet,Rp199.900,4 terjual,5.0
OVER TARGET,Jakarta Pusat,Hotwheels Premium Aston Martin V12 Speedster Ban Karet Base Besi,Rp55.500,,
Barrapradhika,Jakarta Timur,MAZDA RX7 FC PANDEM (Ronin Run) Premium Hot Wheels Diecast,Rp127.500,1 terjual,5.0
DID Store,Depok,hot wheels premium nissan skyline rs japan historics,Rp160.000,21 terjual,5.0
Bryan Toys Shop,Surabaya,Hot Wheels Premium Fast & Furious Toyota Soarer,Rp134.900,7 terjual,4.8
N&J Toys,Jakarta Barat,Hot Wheels Fast Furious Premium OffRoad case D,Rp1.500.000,3 terjual,
Mandala Sentosa,Malang,Hotwheels Premium Boulevard seri S ,Rp550.000,9 terjual,5.0
Mobil Keren,Jakarta Timur,Hot Wheels Premium 2022 Fast Furious Nissan 240SX (S14) Maroon karet,Rp129.900,28 terjual,4.9
H&M Toys,Kab. Sleman,Hot Wheels Premium Fast & Furious Toyota Soarer FALKEN Merah Dash F,Rp149.900,6 terjual,5.0
Hotwheels Shop Indonesia,Surabaya,HOT WHEELS BOULEVARD U LBWK SET PREMIUM,Rp649.900,4 terjual,5.0
Toys Care,Tasikmalaya,HOTWHEELS PREMIUM LOOSE 2018 HONDA CIVIC TYPE R - DARI JDM MULTIPACK,Rp49.800,8 terjual,4.8
Moncherry Hotwheels shop,Denpasar,HOT WHEELS PREMIUM TEAM TRANSPORT LBWK SILHOUETTE GT NISSAN 35GT RR,Rp595.000,9 terjual,5.0
Lieony Shop Jakarta,Jakarta Barat,Hot Wheels Porsche 993 GT2 Euro Speed Premium,Rp220.000,,
Luckystore Group,Bandung,Hot Wheels Premium Car Culture Japan Historics 3 Set 5pcs Original,Rp424.900,10 terjual,4.8
21 Gem Toy's,Bandung,hotwheels premium nissan skyline r34 bnr34 grand turismo pop culture free protector #099,Rp395.000,6 terjual,5.0
Hotwheels Shop Indonesia,Surabaya,HOT WHEELS PREMIUM POP CULTURE V SPEED SHOP SET ,Rp494.900,3 terjual,5.0
SouLMerchant,Tasikmalaya,HOTWHEELS 2 PACK 04 MAZDA MAZDASPEED MIATA MAZDA RX7 FC PANDEM PREMIUM,Rp199.900,1 terjual,5.0
Hotwheels Shop Indonesia,Surabaya,HOT WHEELS 69 NISSAN SKYLINE VAN TOYO TIRES PREMIUM,Rp79.900,6 terjual,5.0
Trifle Toys,Jakarta Utara,Hotwheels Premium Fast Superstars 70 Chevy Nova SS,Rp78.910,15 terjual,5.0
Erik Erik,Malang,Hot Wheels NEW LOOSE Diorama 2016 BMW M2 PREMIUM,Rp65.000,30+ terjual,5.0
Pensiunan Hobby,Surabaya,Hot Wheels Premium BMW M3 E46 Fast & Furious White Mix C 2023,Rp109.900,2 terjual,5.0
media online toys,Jakarta Barat,hot wheels premium 1:64 lamborghini veneno,Rp200.000,4 terjual,5.0
AS Garages,Jakarta Barat,HOT WHEELS PREMIUM '67 AUSTIN MINI VAN LED ZEPPELIN (COKELAT/ BROWN),Rp139.999,,
KratonHobby,Bekasi,hotwheels premium Quick Dlivery,Rp38.500,,
haykal sulaeman,Bekasi,Hotwheels Premium Jay Leno's Garage Lamborghini Countach LP 5000 QV,Rp115.000,,
Indonesia.,Surabaya,Hot Wheels Premium Canyon Warriors 73 Volvo 142 GL original,Rp65.000,12 terjual,5.0
G Garage,Jakarta Timur,Hot Wheels Premium 74 Checker Taxi Cab RETRO Entertainment Ban Karet ,Rp225.000,,
akhtanstore,Jakarta Barat,hot wheels premium dc batman set 5 mobil,Rp369.000,2 terjual,5.0
littletayo,Tasikmalaya,HOTWHEELS FAST & FURIOUS PREMIUM BOX SET 5 PACK HUMMER CORVETTE CHEVY,Rp400.000,1 terjual,5.0
Aza_HotWheelShop,Denpasar,Protektor Premium merk Blistpro Hot Wheels protector blister retro,Rp12.000,250+ terjual,4.9
littletayo,Tasikmalaya,GEECHAN G-FANS MODEL 1/64 PREMIUM DIORAMA HOTWHEELS GARAGE with LED,Rp200.000,5 terjual,5.0
Bryan Toys Shop,Surabaya,Hot Wheels Premium British Horse Power Morris Mini Orange,Rp119.900,18 terjual,5.0
HOT GASOLINE,Surakarta,Hot Wheels premium Bpulevard 66 pontiac GTO 32 ban karet,Rp78.800,13 terjual,5.0
DID Store,Depok,hot wheels premium dodge charger - fast and furious,Rp105.000,16 terjual,5.0
littletayo,Tasikmalaya,HOTWHEELS PREMIUM DRAG STRIP VW VOLKSWAGEN CLASSIC BUG BEETLE,Rp119.900,6 terjual,5.0
Timothy Diecast,Surabaya,Hot Wheels Premium 73 Volvo 142 GL Hijau Autos Strasse 938Q Ban Karet,Rp95.000,13 terjual,5.0
Beyond The Limit,Kab. Bogor,Hotwheels Premium Mc Laren F1 GTR Biru - Gulf - British Horse Power,Rp129.990,5 terjual,5.0
Garasi Diecast Medan,Medan,Hot Wheels Aston Martin Valhalla Concept Premium Car Culture,Rp60.000,3 terjual,5.0
Thunder Bolt Diecast,Kab. Tangerang,Hot Wheels RLC Premium Boulevard Nissan Skyline S15 LBWK Hotwheels,Rp219.999,1 terjual,5.0
Mobil Keren,Jakarta Timur,Diecast Hot Wheels Premium Forza Horizon 4 Porsche 911 GT3 RS Green,Rp367.000,5 terjual,5.0
Schyzord,Jakarta Selatan,Hot Wheels Premium Hot Wagons Custom 66 GTO Wagon Hotwheels,Rp60.000,3 terjual,5.0
RUMI Auto&Sport,Kab. Malang,Hotwheels Premium Fast & Furious 95 Mitsubishi Eclipse,Rp225.000,5 terjual,5.0
littletayo,Tasikmalaya,HOTWHEELS PREMIUM BOULEVARD T NISSAN HONDA TOYOTA PORSCHE SPORT CAR,Rp74.900,3 terjual,5.0
SbyStuff,Surabaya,Hot Wheels Premium Car Culture Subaru Impreza 22B STi Version,Rp120.000,9 terjual,5.0
Risa Toys,Jakarta Selatan,HOT WHEELS FAST & FURIOUS PREMIUM COLLECTOR BOX ,Rp350.000,2 terjual,5.0
ria indrawati,Surabaya,HOTWHEELS PREMIUM 67 AUSTIN MINI PICKUP BASE BESI BAN KARET,Rp105.000,26 terjual,5.0
Dunia Aksesoris Kita,Jakarta Barat,"Rak Acrylic Hotwheels Isi 50 Square, Wooden Vintage Premium Skala 1:64",Rp365.000,30+ terjual,4.7
YSN Laser,Surabaya,Display Box Acrylic I Box Action Figure I Box Diecast Hotwheels,Rp1.000,100+ terjual,5.0
Brothpedia,Jakarta Selatan,Hoot Wheels Neon Speeder Complete Set,Rp1.000.000,,
Dunia Celengan,Kab. Bantul,"Rak Hotwheels Acrylic Isi 30, No Header Slim Fit Edition 1:64",Rp149.000,100+ terjual,5.0
Hot Wheels Flagship,Tangerang,Hot Wheels Skate TMNT Donatello - Mainan Fingerboard,Rp119.900,4 terjual,5.0
Hansel_Hotwheels,Denpasar,Hotwheels hot premium forza horizon 5 MITSUBISHI LANCER EVOLUTION VI,Rp175.000,12 terjual,5.0
HOT GASOLINE,Surakarta,hot wheels honda s2000 pink fast & furious fnf suki premium ban karet,Rp296.500,3 terjual,5.0
Timothy Diecast,Surabaya,Hot Wheels Premium Team Transport Posrche 959 (1986) Euro Hauler,Rp224.900,5 terjual,5.0
Erik Erik,Malang,Hot Wheels 91 Nissan Sentra SE-R PREMIUM Diorama NEW LOOSE,Rp99.000,21 terjual,5.0
cuanhokistore,Jakarta Selatan,hot wheels Premium Car Culture Ronin Run Container Set (5 Mobil),Rp575.000,1 terjual,5.0
Dunia Celengan,Kab. Bantul,RAK HOTWHEELS 45GARAGE PARKIR MIRING/SERONG ISI 24 TANPA LOGO,Rp198.000,4 terjual,5.0
HAG Surabaya,Kab. Bekasi,Hotwheels Hot Wheels SDCC 2022 Marvel- Ghost Rider Motorcycle & Figure,Rp1.489.900,,
Dunia Celengan,Kab. Bantul,RAK HOTWHEELS 45GARAGE PARKIR MIRING/SERONG ISI 30 DENGAN LOGO,Rp269.000,1 terjual,5.0
Hot Wheels Flagship,Tangerang,Hot Wheels City Downtown Ice Cream Swirl Pink -Mainan Trek Mobil Balap,Rp223.930,5 terjual,5.0
Dunia Celengan,Kab. Bantul,"RAK HOTWHEELS ACRYLIC ISI 24 REGULER, TANPA LOGO SLIM SKALA 1:64",Rp128.000,100+ terjual,5.0
DID Store,Depok,hot wheels premium custom 93 nissan hardbody d21 boulevard ban karet,Rp150.000,4 terjual,5.0
Wiwied Diecast SBY,Surabaya,Hot Wheels Premium Boulevard Mitsubishi Lancer Evo VI Merah Collector,Rp180.000,1 terjual,5.0
H&M Toys,Kab. Sleman,Hot Wheels Premium Slide Street Toyota Trueno AE86,Rp142.405,5 terjual,5.0
LAPAK ANYARAN,Kab. Bandung,Hotwheels Premium Modern Classics Porsche 964,Rp350.000,,
Tafanti Toys,Jakarta Timur,hotwheels premium nissan diorama set paket,Rp222.000,,
Hobbies Toys,Jakarta Barat,Hot Wheels Premium Car Culture Real Riders 4,Rp110.000,12 terjual,4.9
Trifle Toys,Jakarta Utara,Hotwheels Premium Sauber Mercedes C9 Diorama Loose,Rp212.411,1 terjual,5.0
Hot Wheels Flagship,Tangerang,Hot Wheels Premium 2-Pack Plymouth Belvedere 426 Wedge & '65 Dodge,Rp137.940,60+ terjual,5.0
H&M Toys,Kab. Sleman,Hot Wheels Premium Boulevard Porsche 718 Cayman GT4,Rp134.900,3 terjual,5.0
Robby-,Jakarta Selatan,Hot Wheels Premium Fast Tuners Nissan 240SX S14 Fast Furious ban karet,Rp299.900,50+ terjual,5.0
Hot Wheels Flagship,Tangerang,Matchbox Moving Parts Silver Citroen e-C4 X - Mainan Mobil Balap,Rp41.175,40+ terjual,4.9
Dunia Celengan,Kab. Bantul,"Rak Hotwheel Acrylic Isi 50, Square Model Sleeding Etalase Skala 1:64",Rp262.000,250+ terjual,4.8
Hot Wheels Flagship,Tangerang,Hot Wheels City Transforming Race Tower Playset - Mainan Trek Mobil,Rp487.425,100+ terjual,5.0
Dunia Celengan,Kab. Bantul,"RAK HOTWHEELS ACRYLIC ISI 20, TANPA LOGO SLIM EDITION SKALA 1:64",Rp112.000,90+ terjual,4.8
Hot Wheels Flagship,Tangerang,Hot Wheels Action Vertical Power Launch - Mainan Trek Mobil Balap,Rp189.900,70+ terjual,5.0
DPH Diecast,Kab. Bekasi,Custom Card Initial D Hot Wheels Premium,Rp93.500,7 terjual,4.8
Fan 64 Car Store,Bandung,Hot Wheels Premium Exotic Envy Koenigsegg Agera Loose,Rp120.000,,
Erik Erik,Malang,Hot Wheels Porsche Fleet Street Premium Team Transport Legends Tour,Rp195.000,60+ terjual,4.8
Hot Wheels Flagship,Tangerang,Hot Wheels Premium Super Street Dash K Series Bundle,Rp689.700,9 terjual,5.0
KEZHOP GARAGE,Surabaya,HOT WHEELS PREMIUM BATMAN BATMOBILE VELG CHROME HIJAU,Rp115.000,3 terjual,5.0
PROTOYZ Store,Probolinggo,Hotwheels PREMIUM BOULEVARD 66 CHEVROLET CORVAIR YENKO STINGER GULF,Rp56.900,2 terjual,5.0
Robby-,Jakarta Selatan,Hot Wheels Premium Japan Historics 3 68 Mazda Cosmo Sport JH3 bankaret,Rp199.900,60+ terjual,5.0
Mika Pro,Jakarta Timur,Protector Hotwheels Premium series Platinum Dash-Z,Rp13.000,28 terjual,5.0
Gudang Papih Chen,Jakarta Barat,Hot Wheels Premium Boulevard Mitsubishi Lancer Evolution VI,Rp180.000,12 terjual,5.0
Robby-,Jakarta Selatan,Hot Wheels Premium BMW M3 E46 Deutschland Design ban karet,Rp299.900,100+ terjual,5.0
Dunia Celengan,Kab. Bantul,"RAK HOTWHEELS ACRYLIC ISI 10, TANPA LOGO SLIM EDITION SKALA 1:64",Rp71.000,100+ terjual,4.9
Hot Wheels Flagship,Tangerang,Hot Wheels Matchbox 2013 Volvo V60 Station Wagon - Mainan Mobil Balap,Rp136.900,50+ terjual,5.0
Dunia Celengan,Kab. Bantul,"RAK HOTWHEELS ACRYLIC ISI 12, TANPA LOGO SLIM EDITION SKALA 1:64",Rp85.000,60+ terjual,5.0
Hot Wheels Flagship,Tangerang,Hot Wheels Double Loop Dash - Mainan Trek Mobil Balap,Rp699.900,100+ terjual,4.9
Dunia Celengan,Kab. Bantul,"Rak Hotwheels Acrylic Isi 48, No Header Slim Fit Edition 1:64",Rp223.000,70+ terjual,4.9
Erik Erik,Malang,Hot Wheels Premium Fast Furious Mix B 2023 ECERAN/SATUAN,Rp75.000,23 terjual,4.9
Timothy Diecast,Surabaya,Protector Hot Wheels Card Premium Pelindung Diecast Kesayangan,Rp12.000,40+ terjual,5.0
marzy,Bekasi,Hot Wheels Premium Car Culture Real Riders 85 Ford Bronco Police Rare,Rp79.000,,
Songpandiecast,Bandung,DASH-Z PLATINUM SERIES PREMIUM Blister Pelindung mika hotwheels,Rp13.000,40+ terjual,5.0
Erik Erik,Malang,HOT WHEELS 75 BRE DATSUN SUNNY TRUCK (B120) BOULEVARD K 2022 PREMIUM,Rp135.000,40+ terjual,5.0
Mainanku_Toys,Bandung,Hotwheels Premium Set Koleksi,Rp19.200,,
KEZHOP GARAGE,Surabaya,HOT WHEELS PREMIUM TOYO TIRES 69 NISSAN SKYLINE VAN,Rp85.000,5 terjual,5.0
KEZHOP GARAGE,Surabaya,Hot Wheels Premium 85 CHEVY ASTRO VAN,Rp50.000,10 terjual,4.9
Erik Erik,Malang,Hot Wheels Fast Furious Acura Integra Sedan GS-R Premium 2023,Rp135.000,40+ terjual,5.0
Alicia Collection28,Jakarta Barat,hotwheels tesla roadster american scene premium,Rp85.000,5 terjual,5.0
bhtx. lab,Depok,Hot Wheels Premium 70 Dodge Charger R/T Full Force Fast Furious Loose,Rp194.900,2 terjual,5.0
Gengges Hobies,Depok,Ban Karet Hotwheels Premium 1/64 Custom Wheels Sakura model AMG Hammer,Rp90.000,6 terjual,5.0
Erik Erik,Malang,HOT WHEELS 95 TOYOTA CELICA GT FOUR KUNING MOUNTAIN DRIFTERS PREMIUM,Rp75.000,100+ terjual,5.0
Hotwheels Shop Indonesia,Surabaya,HOT WHEELS 16 MERCEDES AMG GT3 FLEET STREET TEAM TRANSPORT PREMIUM,Rp314.900,13 terjual,5.0
Robby-,Jakarta Selatan,Hot Wheels Premium Boulevard 1991 Mercedes Benz G-Class G Class,Rp299.900,30+ terjual,5.0
Ryuken Shop,Bandung,Hot wheels nissan skyline LBWK boulevard white premium,Rp299.000,2 terjual,5.0
H&M Toys,Kab. Sleman,Hot Wheels Premium Fast & Furious Toyota Ae86 Sprinter Trueno,Rp174.900,9 terjual,5.0
mainankucibinong,Kab. Bogor,hot wheels premium 70 dodge charger r/t fast furious full force,Rp250.000,3 terjual,5.0
Erik Erik,Malang,Hot Wheels Alfa Romeo Giulia Sprint Fast Furious Mix C 2023 Premium,Rp65.000,90+ terjual,5.0
Timothy Diecast,Surabaya,Hot Wheels Premium Exotic Envy McLaren F1 Maroon,Rp79.900,7 terjual,5.0
Timothy Diecast,Surabaya,Hot Wheels Premium Mercedes Benz 190 E 2.5 Hijau Boulevard,Rp165.000,4 terjual,5.0
Genta Diecast Collections,Jakarta Timur,hotwheels premium scooby doo mystery machine,Rp150.000,,
TOYS CLUB,Jakarta Utara,HOT WHEELS PREMIUM BOULEVARD #2 NISSAN SKYLINE R33 (MINT CONDITION),Rp825.000,,
Garasi Cilla,Jakarta Pusat,Hotwheels Retro Ban Karet Set Seri Modern Classics Car Culture Premium,Rp849.900,8 terjual,5.0
Vastco Indonesia,Jakarta Barat,Hot Wheels Marvel Spider-man Spider Machine GP-7 Hotwheels Premium,Rp199.900,2 terjual,5.0
Robby-,Jakarta Selatan,Hot Wheels Premium Porsche 959 1986 Wild Terrain ban karet hotwheels,Rp299.900,30+ terjual,5.0
Alicia Collection28,Jakarta Barat,hotwheels custom 70 chevy nova premium,Rp65.000,2 terjual,5.0
Inherit Records,Jakarta Selatan,Majorette Toyota GR Supra Premium Cars not hot wheels,Rp85.900,2 terjual,5.0
Rio Hobby Shop,Depok,Hotwheels Premium LBWK merah Super Silhouette Nissan Skyline ER34,Rp345.000,,
Jass HW,Kab. Tangerang,PROTECTOR HOTWHEELS PREMIUM PROCASE,Rp10.000,14 terjual,4.7
OVER TARGET,Jakarta Pusat,Hotwheels Premium Big Air Bel Air Ban Karet Base Besi,Rp69.500,7 terjual,5.0
DID Store,Depok,hot wheels premium 2014 custom mustang,Rp115.000,12 terjual,5.0
Mobil Keren,Jakarta Timur,Diecast Hot Wheels Premium Slide Street FD 20 Toyota GR Supra white,Rp197.000,2 terjual,5.0
Acrylicworks Store,Kab. Bantul,Kotak Blister Hotwheels  PREMIUM Card Retro Card Akrilik,Rp43.000,8 terjual,5.0
Robby-,Jakarta Selatan,Hot Wheels Premium 64 Chevy Nova Panel Wagon fast wagons ban karet,Rp199.900,60+ terjual,5.0
Hot Wheels Flagship,Tangerang,Hot Wheels Skate Tony Hawk Tricked Out Pack - Mainan Fingerboard,Rp139.960,40+ terjual,5.0
Dunia Celengan,Kab. Bantul,RAK HOTWHEELS ACRYLIC 45GARAGE PARKIR MIRING/SERONG ISI 60 MEMANJANG,Rp415.000,5 terjual,5.0
Hot Wheels Flagship,Tangerang,Hot Wheels Action Triple Loop Kit - Mainan Trek Mobil Balap,Rp500.435,12 terjual,4.9
Dunia Celengan,Kab. Bantul,"Rak Hotwheels Acrylic Isi 30, Slim Fit Edition PIntu Sleeding 1:64",Rp179.000,60+ terjual,4.9
Hot Wheels Flagship,Tangerang,Hot Wheels Skate TMNT Leonardo - Mainan Fingerboard,Rp107.910,3 terjual,5.0
Dunia Celengan,Kab. Bantul,RAK TEMPAT DISPLAY HOTWHEELS 1:64 MODEL SEGI ENAM HEXAGON SMALL,Rp132.000,30+ terjual,4.9
Hot Wheels Flagship,Tangerang,Hot Wheels Skate Root Canal - Mainan Fingerboard,Rp99.900,,
Dunia Celengan,Kab. Bantul,Rak Hotwheels Acrylic Slim Fit Edition ISI 72 PIntu Sleeding 1:64,Rp361.000,11 terjual,5.0
Fantasi Toys Store,Kab. Temanggung,HW Hot Wheels Lamborghini Countach kuning 1997 First Editions 25th,Rp90.000,9 terjual,5.0
Mombaby1,Jakarta Utara,Mainan Anak Mobil Hotwheels / Mainan mobil hotwheels,Rp20.000,90+ terjual,4.8
Robby-,Jakarta Selatan,Hot Wheels Premium Boulevard Toyota AE86 Sprinter Trueno ban karet,Rp599.900,30+ terjual,
Toys Store Bali,Denpasar,Hotwheels premium looney tunes 85 ford bronco,Rp77.500,1 terjual,5.0
Aza_HotWheelShop,Denpasar,Hot Wheels BMW M3 E36 Fast and Furious Euro Fast FNF Premium Hotwheels,Rp199.900,30+ terjual,5.0
Edwinsetiawan,Semarang,Hotwheels Fast Furious Premium Bundle Box Set Nissan Skyline R34,Rp549.900,40+ terjual,5.0
SouLMerchant,Tasikmalaya,HOTWHEELS PREMIUM KNIGHT RIDER K.I.T.T KITT SUPER PURSUIT MODE,Rp154.900,6 terjual,5.0
Toymagz,Surabaya,Hot Wheels Murah Original 100% Mattel Koleksi Mobil Kado Anak Laki2,Rp25.000,4 terjual,5.0
Fantasi Toys Store,Kab. Temanggung,HW Hot Wheels 24 Ours biru muda,Rp90.000,9 terjual,5.0
Toymagz,Surabaya,Hot Wheels Reguler Blue Card Lots F N P Q  2023 1 Box isi 72 pcs Murah,Rp1.512.000,,
R&M Toys,Jakarta Utara,Mainan Anak Mobil Hotwheels / Mainan mobil hotwheels,Rp20.000,100+ terjual,4.7
Toymagz,Surabaya,"Hot Wheels Murah Original 100% Mattel Koleksi Mobil Kado Anak Laki
",Rp25.000,1 terjual,5.0
Erik Erik,Malang,Hot Wheels BMW M3 E46 Fast Furious Mix C 2023 Premium,Rp119.000,80+ terjual,4.9
Koba Garage,Jakarta Pusat,Hot Wheels 2014 Custom Mustang | Premium Card,Rp100.000,1 terjual,5.0
H&M Toys,Kab. Sleman,Hot Wheels Premium Boulevard 95 Toyota Celica GT-Four,Rp104.900,4 terjual,5.0
Bryan Toys Shop,Surabaya,Hot Wheels Premium HW Off Road 2018 Toyota 4Runner Biru,Rp94.900,3 terjual,5.0
Tafanti Toys,Jakarta Timur,hotwheels premium loose lbwk merah motul team transport,Rp555.000,,
Revan_Collections,Bogor,Hot Wheels Premium Car - Hyper Hauler 99 Ford F-150 SVT Lightning,Rp85.000,1 terjual,5.0
AlleinGarage,Depok,Hotwheels mercedes benz 500e canyon warriors premium,Rp155.000,4 terjual,5.0
HOT GASOLINE,Surakarta,hot wheels porsche 930 rwb silhouettes hitam rauh welt premium,Rp476.800,5 terjual,5.0
Robby-,Jakarta Selatan,Hot Wheels Premium Volvo P220 Amazon Wagon fast wagons ban karet,Rp299.900,100+ terjual,5.0
Indonesia.,Surabaya,Hot Wheels Premium Canyon Warriors Mercedes-Benz 500 E original,Rp150.000,13 terjual,5.0
Dunia Aksesoris Kita,Jakarta Barat,Rak Hotwheels Header Edition Skala 1 : 64 isi 100 unit,Rp570.000,100+ terjual,4.8
Toymagz,Surabaya,Promo Hot Wheels Original Asli Murah Mobil Diecast Murah Skala 1/64,Rp25.000,,
Steam Key,Bekasi,HOT WHEELS UNLEASHED Ultimate Stunt Edition PC ORIGINAL,Rp29.900,30+ terjual,5.0
Toymagz,Surabaya,Promo Hot Wheels Asli Original Murah Mobil Diecast Skala 1/64 ,Rp32.000,,
Dunia Aksesoris Kita,Jakarta Barat,Rak Rack Hotwheels 1:64 Isi 24 Header Slim Fit Edition,Rp148.000,500+ terjual,4.8
moyo diecast,Tangerang Selatan,hot wheels 70 1970 ford escort rs 1600 rs1600 fast & furious premium,Rp100.000,,
RJDstore,Surabaya,Hot Wheels Premium Silhouettes RWB Porsche 930 blackdoff,Rp700.000,50+ terjual,5.0
ella_storre,Jakarta Barat,HOT WHEELS TOYOTA AE86 SPRINTER TRUENO MOUNTAIN DRIFTERS PREMIUM 2022,Rp156.000,,
Garasi Cilla,Jakarta Pusat,Hotwheels Premium Gran Turismo Porsche 962 Hot Wheels,Rp210.900,,
H&M Toys,Kab. Sleman,Hot Wheels Premium Boulevard L - Set 5pcs,Rp684.900,3 terjual,5.0
Erik Erik,Malang,Hot Wheels Alfa Romeo Fleet Flyer Team Transport Premium U 2023 ,Rp350.000,3 terjual,5.0
MARCELLO DIECAST,Jakarta Pusat,HotWheels PREMIUM 85 FORD BRONCO POLICE,Rp141.500,,
Robby-,Jakarta Selatan,Hot Wheels Premium Aston Martin Vulcan Exotic Envy ban karet,Rp299.900,40+ terjual,5.0
Robby-,Jakarta Selatan,Hot Wheels Premium McLaren Senna Exotic Envy ban karet,Rp299.900,80+ terjual,5.0
Mandala Sentosa,Malang,Paket Hotwheels Premium Diorama Nissan GTR dan Mercedes Benz,Rp850.000,15 terjual,5.0
AndreTrackBuilderWorkshp,Tangerang,Hotwheels track Ultimate Garage ori Mattel Hot Wheels track,Rp2.799.900,80+ terjual,5.0
Dunia Aksesoris Kita,Jakarta Barat,Rak Rack Hotwheels 1:64 Isi 45 Pilar Logo Edition - Biru Navy,Rp243.000,4 terjual,5.0
Happy Kiddies Toy,Cimahi,Hot Wheels Celebration Box,Rp325.000,,
Hot Wheels Flagship,Tangerang,Hot Wheels Monster Trucks Steer Clear 2023 - Mainan Mobil Balap,Rp99.900,50+ terjual,4.9
Spenshop,Jakarta Utara,Bburago 1:43 Diecast F1 2023 Redbull Racing RB19 #1 Verstappen ,Rp430.000,22 terjual,4.9
H&M Toys,Kab. Sleman,Hot Wheels Premium Boulevard MBK Van Advan Yokohama,Rp74.900,2 terjual,5.0
G Garage,Jakarta Timur,Hot Wheels Premium RETRO Volkswagen Beetle Love Bug Herbie Ban Karet,Rp435.000,,
H&M Toys,Kab. Sleman,Hot Wheels Premium Boulevard 23 Nissan Z Biru,Rp99.900,3 terjual,5.0
Erik Erik,Malang,Hot Wheels Alfa Romeo 155 V6 Ti Spettacolare Premium 2023,Rp110.000,16 terjual,5.0
POPEYE TECH,Kab. Karawang,Hot wheels premium fast furious set,Rp575.000,4 terjual,5.0
Tom's Garage ID,Kab. Tangerang,Hot Wheels Premium ‘87 Toyota Pickup Truck (Car Culture Toyota 2021),Rp119.900,,
Erik Erik,Malang,Hot Wheels Drag Strip 2022 PREMIUM SET isi 5,Rp385.000,14 terjual,5.0
bhtx. lab,Depok,Hot Wheels Premium Volkswagen Classic Bug Cruise Boulevard Hotwheels,Rp109.800,4 terjual,5.0
Kedai B'jubel,Tangerang Selatan,Hot Wheels premium Mitsubishi Lancer Evolution VI Red,Rp189.000,4 terjual,5.0
H&M Toys,Kab. Sleman,Hot Wheels Premium Boulevard GFJT68-T Set 5pcs,Rp524.900,2 terjual,
Bryan Toys Shop,Surabaya,Hot Wheels Premium HW Off Road 2005 Toyota Land Cruiser Prado,Rp119.900,5 terjual,5.0
Erik Erik,Malang,Hot Wheels `94 Bugatti EB110 Exotic Envy 2022 PREMIUM,Rp75.000,17 terjual,5.0
Timothy Diecast,Surabaya,Hot Wheels Premium 2005 Toyota Land Cruiser Prado Silver HW Offroad,Rp145.000,6 terjual,5.0
KumiSan212,Jakarta Barat,Hot Wheels Premium LB-ER34 Super Silhouette Nissan Skyline Black 0/5,Rp4.200.000,,
giz_garage,Kab. Bandung,Ban Karet Hotwheels Premium Rims Aloy dgn Cakram Model D010A,Rp105.000,,
Hansel_Hotwheels,Denpasar,Hotwheels hot premium car culture Fast and Furious Mix C 2023 SET 5,Rp499.900,3 terjual,5.0
Erik Erik,Malang,Hot Wheels Lamborghini Urus Orange Auto Strasse PREMIUM,Rp80.000,60+ terjual,5.0
warung_mainan,Jakarta Barat,HOT WHEELS PREMIUM BRITISH HORSE POWER LOTUS ESPRIT S1,Rp55.000,3 terjual,
HPZ Store N Toys,Jakarta Selatan,Ban Karet Hotwheels Premium Alloy Carlomo S04,Rp139.999,100+ terjual,5.0
Bryan Toys Shop,Surabaya,Hot Wheels Premium Exotic Envy BMW M1 Procar,Rp69.900,5 terjual,5.0
ONG GARAGE,Jakarta Barat,HOTWHEELS PREMIUM MITSUBISHI LANCER EVOLUTION VI,Rp140.000,,
Timothy Diecast,Surabaya,Hot Wheels Premium Fast Furious Box Set Isi 5 Mustang Boss Humvee H1,Rp400.000,5 terjual,5.0
KEZHOP GARAGE,Surabaya,HOT WHEELS PREMIUM DMC55-978Q JAWS 75 CHEVY BLAZER CUSTOM,Rp134.000,1 terjual,5.0
Aza_HotWheelShop,Denpasar,Hot Wheels Rak Premium Display Case (Free 55 Chevy Bel Air Gasser),Rp375.000,18 terjual,5.0
Erik Erik,Malang,Hot Wheels CHASE CAR Toyota Land Cruiser Prado Premium HW OFF ROAD,Rp1.070.000,7 terjual,5.0
Ocd Car,Tangerang,hotwheels premium langka + rare mercedes benz G class varian velk ,Rp220.000,,
bhtx. lab,Depok,Hot Wheels Premium 98 Toyota Altezza Chase Car Modern Classics ,Rp1.099.900,,
dunya baut,Kab. Brebes,"chiisai wheels kps, ban karet Hotwheels premium alloy 1:64",Rp80.000,2 terjual,5.0
Luckystore Group,Bandung,Toyota Supra Hot Wheels Premium Car Culture 2019 Cruise Boulevard,Rp399.900,,
Erik Erik,Malang,Hot Wheels 96 Chevy Impala SS Premium Boulevard Q 2023,Rp70.000,22 terjual,5.0
littletayo,Tasikmalaya,HOTWHEELS AUTO STRASSE BMW M3 E46 PREMIUM M2 M4 E36 GT2 2002 JAPAN CAR,Rp124.900,8 terjual,5.0
HOT GASOLINE,Surakarta,hot wheels team transport porsche 959 Euro Hauler premium truck towing,Rp185.000,3 terjual,5.0
ROKIMOTOYS,Jakarta Barat,hot wheels premium MBk van,Rp60.000,,
Tesla Reborn,Jakarta Barat,Hotwheels Hot Wheels Premium 2-Pack BMW CSL Race Car BMW 320 Group 5,Rp235.000,1 terjual,5.0
KielStore66,Kab. Tangerang,Hot Wheels Premium 99 Nissan Maxima Fast Furious loose,Rp85.000,,
ASNTOYS,Kab. Bandung Barat,Ignition Model | Pandem Civic EG6 | Orange Metallic,Rp1.050.000,,
Him Diecast Toys,Kab. Sleman,TOMICA EVENT MODEL No.13 NISSAN GT-R,Rp250.000,1 terjual,
AndreTrackBuilderWorkshp,Tangerang,Hotwheels track builder HIGHWAY original Hot Wheels track playground,Rp349.900,40+ terjual,4.8
The Shop Shop Original,Bekasi,Mainan Diecast Hot Wheels Track Set City Scorpion Flex Attack Original,Rp369.645,,
AndreTrackBuilderWorkshp,Tangerang,Hotwheels Track Pack Foldable ori Mattel Hot Wheels track Fold Up,Rp125.000,100+ terjual,5.0
Dunia Aksesoris Kita,Jakarta Barat,"Rak Acrylic Hotwheels Isi 50 Square, Wooden Vintage Premium Skala 1:64",Rp365.000,30+ terjual,4.7
YSN Laser,Surabaya,Display Box Acrylic I Box Action Figure I Box Diecast Hotwheels,Rp1.000,100+ terjual,5.0
Brothpedia,Jakarta Selatan,Hoot Wheels Neon Speeder Complete Set,Rp1.000.000,,
Dunia Celengan,Kab. Bantul,"Rak Hotwheels Acrylic Isi 30, No Header Slim Fit Edition 1:64",Rp149.000,100+ terjual,5.0
Hot Wheels Flagship,Tangerang,Hot Wheels Skate TMNT Donatello - Mainan Fingerboard,Rp119.900,4 terjual,5.0
EMS Toys Indonesia,Surabaya,HKF36 - HOTWHEELS PREMIUM BOULEVARD POSRCHE 935,Rp120.000,3 terjual,5.0
pawnstores,Jakarta Barat,Hotwheels Silhouttes Porsche 935 '78 Premium,Rp100.000,,
Erik Erik,Malang,Hot Wheels Alfa Romeo Giulia Sprint GTA SPETTACOLARE Premium 2023,Rp80.000,30+ terjual,5.0
Vovo Toys,Jakarta Pusat,Hot Wheels Premium Fast and Furious Toyota Soarer HotWheels ,Rp149.900,,
MAFFIA,Semarang,Hot Wheels - Nissan Skyline HT 2000GT-X Premium Garage Loose,Rp99.000,4 terjual,5.0
Dunia Celengan,Kab. Bantul,RAK HOTWHEELS 45GARAGE PARKIR MIRING/SERONG ISI 24 TANPA LOGO,Rp198.000,4 terjual,5.0
HAG Surabaya,Kab. Bekasi,Hotwheels Hot Wheels SDCC 2022 Marvel- Ghost Rider Motorcycle & Figure,Rp1.489.900,,
Dunia Celengan,Kab. Bantul,RAK HOTWHEELS 45GARAGE PARKIR MIRING/SERONG ISI 30 DENGAN LOGO,Rp269.000,1 terjual,5.0
Hot Wheels Flagship,Tangerang,Hot Wheels City Downtown Ice Cream Swirl Pink -Mainan Trek Mobil Balap,Rp223.930,5 terjual,5.0
Dunia Celengan,Kab. Bantul,"RAK HOTWHEELS ACRYLIC ISI 24 REGULER, TANPA LOGO SLIM SKALA 1:64",Rp128.000,100+ terjual,5.0
Robby-,Jakarta Selatan,Hot Wheels Premium Race Day 2023 Aston Martin Vantage GTE ban karet,Rp99.900,2 terjual,5.0
Erik Erik,Malang,HOT WHEELS BOULEVARD K 2022 PREMIUM SET ISI 5PCS,Rp475.000,40+ terjual,5.0
HOT GASOLINE,Surakarta,hot wheels 69 ford mustang boss 302 gulf series premium ban karet,Rp86.900,6 terjual,5.0
Erik Erik,Malang,Hot Wheels Fast Furious Nissan Skyline GTR BNR34 ORANGE PREMIUM,Rp225.000,100+ terjual,4.9
HPZ Store N Toys,Jakarta Selatan,Ban Karet Hotwheels Premium Alloy Carlomo S01,Rp139.999,100+ terjual,4.9
Robby-,Jakarta Selatan,Hot Wheels Premium Boulevard Lancia Stratos Group 5 ban karet,Rp199.900,17 terjual,5.0
DMGARAGE,Kab. Magelang,HOT WHEELS PREMIUM HONDA CIVIC EG ESTILO SPOON KUNING MODERN CLASSICS,Rp283.395,4 terjual,5.0
Robby-,Jakarta Selatan,Hot Wheels Premium Mercedes Benz Sprinter Deutschland Design ban karet,Rp199.900,20 terjual,5.0
HPZ Store N Toys,Jakarta Selatan,Ban Karet Hotwheels Premium Alloy Carlomo S05,Rp139.999,100+ terjual,5.0
Robby-,Jakarta Selatan,Hot Wheels Premium Audi Sport Quattro Thrill Climbers Climber bankaret,Rp299.900,40+ terjual,5.0
Hot Wheels Flagship,Tangerang,Matchbox Moving Parts Silver Citroen e-C4 X - Mainan Mobil Balap,Rp41.175,40+ terjual,4.9
Dunia Celengan,Kab. Bantul,"Rak Hotwheel Acrylic Isi 50, Square Model Sleeding Etalase Skala 1:64",Rp262.000,250+ terjual,4.8
Hot Wheels Flagship,Tangerang,Hot Wheels City Transforming Race Tower Playset - Mainan Trek Mobil,Rp487.425,100+ terjual,5.0
Dunia Celengan,Kab. Bantul,"RAK HOTWHEELS ACRYLIC ISI 20, TANPA LOGO SLIM EDITION SKALA 1:64",Rp112.000,90+ terjual,4.8
Hot Wheels Flagship,Tangerang,Hot Wheels Action Vertical Power Launch - Mainan Trek Mobil Balap,Rp189.900,70+ terjual,5.0
awuf store,Kab. Tangerang,hot wheels deadpool chimichanga truck premium,Rp85.000,,
Toko Mainan Bintang Depok,Depok,protector hotwheels premium,Rp8.925,100+ terjual,5.0
Erdin's Diecast,Kab. Bekasi,Hot Wheels Premium Fast Furious Full Force Jaguar XE SV Project 8,Rp85.000,,
Noneunmart,Jakarta Pusat,Grosir Hot Wheels Premium Chase12 Mercedes Benz C63 Amg Coupe Black,Rp3.738.000,,
Tesla Reborn,Jakarta Barat,Hotwheels Hot Wheels Premium Collector Set Jay Leno's Garage (Loose),Rp275.000,8 terjual,5.0
Robby-,Jakarta Selatan,Hot Wheels Premium Audi R8 LMS Euro Speed car culture ban karet,Rp199.900,22 terjual,5.0
Kedai B'jubel,Tangerang Selatan,Hot Wheels Premium Mitsubishi 3000GT VR-4 Red,Rp95.000,,
Robby-,Jakarta Selatan,Hot Wheels Premium Porsche 911 GT3 RS Deutschland Design ban karet,Rp299.900,16 terjual,5.0
Croco_Diecast,Surabaya,Hot Wheels Fast Furious Gift Set Box of 10 pcs Premium Segel Seal,Rp465.000,,
Robby-,Jakarta Selatan,Hot Wheels Premium Lamborghini Aventador Coupe Euro Fast & Furious,Rp499.900,100+ terjual,5.0
Dunia Celengan,Kab. Bantul,"RAK HOTWHEELS ACRYLIC ISI 10, TANPA LOGO SLIM EDITION SKALA 1:64",Rp71.000,100+ terjual,4.9
Hot Wheels Flagship,Tangerang,Hot Wheels Matchbox 2013 Volvo V60 Station Wagon - Mainan Mobil Balap,Rp136.900,50+ terjual,5.0
Dunia Celengan,Kab. Bantul,"RAK HOTWHEELS ACRYLIC ISI 12, TANPA LOGO SLIM EDITION SKALA 1:64",Rp85.000,60+ terjual,5.0
Hot Wheels Flagship,Tangerang,Hot Wheels Double Loop Dash - Mainan Trek Mobil Balap,Rp699.900,100+ terjual,4.9
Dunia Celengan,Kab. Bantul,"Rak Hotwheels Acrylic Isi 48, No Header Slim Fit Edition 1:64",Rp223.000,70+ terjual,4.9
Evans_Store,Kediri,HOT WHEELS LAND ROVER DEFENDER 110 GREEN BRITISH PREMIUM BAN KARET,Rp110.000,1 terjual,5.0
DID Store,Depok,hot wheels premium 98 subaru impreza 22b sti version,Rp119.000,50+ terjual,5.0
House of Abigail,Kab. Sidoarjo,hotwheels retro premium movie need for speed 67 pontiac gto ,Rp200.000,,
Barrapradhika,Jakarta Timur,NISSAN SKYLINE C210 (Japan Historics 2) Premium Hot Wheels Diecast,Rp113.500,,
Timothy Diecast,Surabaya,Hot Wheels Premium Set 5Pcs Varian Bebas Pilih Promo Ambyar Original,Rp365.000,4 terjual,5.0
Garasi Diecast Medan,Medan,Hot Wheels 1999 Nissan Maxima  Fast & Furious Premium,Rp90.000,,
Hotwheels Shop Indonesia,Surabaya,HOT WHEELS PREMIUM FAST & FURIOUS SET F SET SOARER SILVIA S15 MONALISA,Rp534.000,12 terjual,5.0
Robby-,Jakarta Selatan,Hot Wheels Premium Lancia 037 Thrill Climbers Climber ban karet,Rp299.900,28 terjual,5.0
I AM A JACKET,Jakarta Utara,Hot wheels premium Led Zeppelin Set of 5 art box hotwheels,Rp1.050.000,,
SouLMerchant,Tasikmalaya,HOTWHEELS AUTO STRASSE 73 VOLVO 142 GL - PREMIUM WAGON 850 ESTATE,Rp114.900,15 terjual,4.8
Erik Erik,Malang,HOT WHEELS 67 AUSTIN MINI PICKUP BOULEVARD K 2022 PREMIUM,Rp135.000,60+ terjual,5.0
OVER TARGET,Jakarta Pusat,Hotwheels Premium Garage BMW 2016 BMW M2 Ban Karet Base Besi,Rp64.750,16 terjual,4.9
hobismyid,Depok,Diecast HotWheels Premium Dodge Charger Fast Furious Black Dom Torreto,Rp159.000,,
Timothy Diecast,Surabaya,Hot Wheels Premium Two 2 Pack New Loose Buggati Veyron,Rp114.900,2 terjual,5.0
Mobil Keren,Jakarta Timur,Diecast Hot Wheels Premium Boulevard 99 Honda Civic Type R (EK9) white,Rp279.000,4 terjual,5.0
littletayo,Tasikmalaya,HOTWHEELS AMERICAN SCENE FORD BRONCO R JEEP OFF ROAD RALLY PREMIUM,Rp89.900,2 terjual,5.0
ID Stylish,Kab. Bantul,hot wheels premium Nisan GTR Skyline,Rp211.000,20 terjual,5.0
Hidestore,Kab. Sumedang,hotwheels premium koenigsegg agera r boulevard,Rp260.000,,
OVER TARGET,Jakarta Pusat,Hotwheels 1970 Premium Chevrolet Nova SS Ban Karet Base Besi,Rp64.500,4 terjual,5.0
Robby-,Jakarta Selatan,Hot Wheels Premium 98 Subaru Impreza 22B STi Version Modern Classics,Rp199.900,100+ terjual,5.0
Timothy Diecast,Surabaya,Hot Wheels Premium Exotic Envy 3 Varian Porsche 911 Lamborghini BMW F1,Rp69.900,4 terjual,5.0
Robby-,Jakarta Selatan,Hot Wheels Premium Boulevard DMC Delorean ban karet,Rp199.900,24 terjual,5.0
Barrapradhika,Jakarta Timur,'70 ROVER P6 GROUP 2 Premium Hot Wheels Diecast,Rp62.900,,
enaenashop,Jakarta Barat,Hot Wheels Premium Boulevard P 2023 Volkswagen Caddy,Rp75.000,1 terjual,5.0
Robby-,Jakarta Selatan,Hot Wheels Premium McLaren F1 GTR British Horse Power Gulf ban karet,Rp199.900,60+ terjual,5.0
ria indrawati,Surabaya,"Hot Wheels Canyon Warriors, SET ISI 5pcs Premium 2023",Rp460.000,16 terjual,5.0
TheCollectoys,Kab. Sidoarjo,TAMBAHAN PROTEKTOR HOT WHEELS PREMIUM ,Rp6.900,12 terjual,5.0
Rawindra_Garasi27,Jakarta Timur,Greenlight 2019 Mack Anthem GreenMachine not Hotwheels Premium Mini GT,Rp540.000,,
Hammersmith,Tangerang Selatan,Hot Wheels Premium Fast & Furious Diorama Set,Rp2.199.000,30+ terjual,5.0
Tesla Reborn,Jakarta Barat,Hotwheels Hot Wheels Premium 2-Pack Nissan Silvia S13 (Loose),Rp125.000,1 terjual,5.0
Garasi WM,Tangerang Selatan,hot wheels Racing 56 Merc Stockcar 2012 premium,Rp380.000,,
almazia,Kab. Jember,Hotwheels Premium 1991 Marcedes-Benz G-Class,Rp95.000,,
MAFFIA,Semarang,Hot Wheels - Nissan Skyline C210 Premium Garage Loose,Rp76.000,3 terjual,5.0
BTS Toys Store,Surabaya,Hot Wheels Premium Diorama Premium Car Nissan Putih Set,Rp349.900,,
Abilestore,Tangerang Selatan,hotwheels mazda rx 8 custom ban karet premium base besi/metal,Rp200.000,,
Hot Wheels Flagship,Tangerang,Hot Wheels Skate Tony Hawk Tricked Out Pack - Mainan Fingerboard,Rp139.960,40+ terjual,5.0
Dunia Celengan,Kab. Bantul,RAK HOTWHEELS ACRYLIC 45GARAGE PARKIR MIRING/SERONG ISI 60 MEMANJANG,Rp415.000,5 terjual,5.0
Hot Wheels Flagship,Tangerang,Hot Wheels Action Triple Loop Kit - Mainan Trek Mobil Balap,Rp500.435,12 terjual,4.9
Dunia Celengan,Kab. Bantul,"Rak Hotwheels Acrylic Isi 30, Slim Fit Edition PIntu Sleeding 1:64",Rp179.000,60+ terjual,4.9
Hot Wheels Flagship,Tangerang,Hot Wheels Skate TMNT Leonardo - Mainan Fingerboard,Rp107.910,3 terjual,5.0
Dunia Aksesoris Kita,Jakarta Barat,"Rak Acrylic Hotwheels Isi 50 Square, Wooden Vintage Premium Skala 1:64",Rp365.000,30+ terjual,4.7
YSN Laser,Surabaya,Display Box Acrylic I Box Action Figure I Box Diecast Hotwheels,Rp1.000,100+ terjual,5.0
Brothpedia,Jakarta Selatan,Hoot Wheels Neon Speeder Complete Set,Rp1.000.000,,
Dunia Celengan,Kab. Bantul,"Rak Hotwheels Acrylic Isi 30, No Header Slim Fit Edition 1:64",Rp149.000,100+ terjual,5.0
Hot Wheels Flagship,Tangerang,Hot Wheels Skate TMNT Donatello - Mainan Fingerboard,Rp119.900,4 terjual,5.0
Songpandiecast,Bandung,HotWheels Premium 2Pack Mazda Miata + Mazda RX7 Pandem,Rp90.000,,
Freakboyo Hobbies,Jakarta Selatan,Hot Wheels Premium 5 Pack / Bundle Fast & Furious HKF08,Rp675.000,1 terjual,5.0
Garasi 48,Depok,rack display kayu hotwheels premium  / rack kayu hw premium ,Rp70.000,1 terjual,5.0
H&M Toys,Kab. Sleman,Hot Wheels Premium Fast & Furious 2023 Mix B - Set 5pcs,Rp499.900,7 terjual,4.8
DMGARAGE,Kab. Magelang,HOT WHEELS PREMIUM ASTON MARTIN V12 SPEEDSTER EXOTIC ENVY HIJAU CAR CULTURE HOTWHEELS,Rp62.895,3 terjual,5.0
Dunia Celengan,Kab. Bantul,RAK HOTWHEELS 45GARAGE PARKIR MIRING/SERONG ISI 24 TANPA LOGO,Rp198.000,4 terjual,5.0
Hot Wheels Flagship,Tangerang,Hot Wheels City Downtown Ice Cream Swirl Pink -Mainan Trek Mobil Balap,Rp223.930,5 terjual,5.0
Dunia Celengan,Kab. Bantul,"RAK HOTWHEELS ACRYLIC ISI 24 REGULER, TANPA LOGO SLIM SKALA 1:64",Rp128.000,100+ terjual,5.0
HAG Surabaya,Kab. Bekasi,Hotwheels Hot Wheels SDCC 2022 Marvel- Ghost Rider Motorcycle & Figure,Rp1.489.900,,
Dunia Celengan,Kab. Bantul,RAK HOTWHEELS 45GARAGE PARKIR MIRING/SERONG ISI 30 DENGAN LOGO,Rp269.000,1 terjual,5.0
Robby-,Jakarta Selatan,Hot Wheels Premium BMW M3 E36 Euro Fast & Furious ban karet,Rp299.900,60+ terjual,5.0
Robby-,Jakarta Selatan,Hot Wheels Premium Pandem Subaru BRZ Slide Street Falken ban karet,Rp499.900,60+ terjual,4.9
Gabriel Wilson Toys & Pets,Jakarta Utara,Hot Wheels Premium Aston Martin V12 Speedster - Green Exotic Envy,Rp60.900,1 terjual,5.0
SouLMerchant,Tasikmalaya,HOTWHEELS PREMIUM DRAG STRIP 73 PLYMOUTH DUSTER - 2023 DRAGSTRIP MOPAR,Rp79.900,4 terjual,5.0
Erik Erik,Malang,Hot Wheels Boulevard Mix T 2023 Premium SET & ECERAN,Rp75.000,30+ terjual,5.0
Worth It Collection,Depok,HOT WHEELS PREMIUM JAMES BOND OO7 GOLDFINGER 196 ASTON MARTIN DB5,Rp94.900,1 terjual,
RUMI Auto&Sport,Kab. Malang,Hotwheels Premium Fast & Furious Nissan 240SX S14,Rp110.000,2 terjual,5.0
Timothy Diecast,Surabaya,Hot Wheels Premium Bugatti Chiron Biru Exotic Envy Car Culture,Rp154.900,8 terjual,5.0
Timothy Diecast,Surabaya,Hot Wheels Premium 72 Mercedes Benz 280 SEL 4.5 Auto Strase 938Q Hijau,Rp134.900,11 terjual,5.0
Robby-,Jakarta Selatan,Hot Wheels Premium McLaren 720S Euro Fast & Furious ban karet,Rp199.900,30+ terjual,5.0
Hot Wheels Flagship,Tangerang,Matchbox Moving Parts Silver Citroen e-C4 X - Mainan Mobil Balap,Rp41.175,40+ terjual,4.9
Dunia Celengan,Kab. Bantul,"RAK HOTWHEELS ACRYLIC ISI 20, TANPA LOGO SLIM EDITION SKALA 1:64",Rp112.000,90+ terjual,4.8
Hot Wheels Flagship,Tangerang,Hot Wheels City Transforming Race Tower Playset - Mainan Trek Mobil,Rp487.425,100+ terjual,5.0
Dunia Celengan,Kab. Bantul,"Rak Hotwheel Acrylic Isi 50, Square Model Sleeding Etalase Skala 1:64",Rp262.000,250+ terjual,4.8
Hot Wheels Flagship,Tangerang,Hot Wheels Action Vertical Power Launch - Mainan Trek Mobil Balap,Rp189.900,70+ terjual,5.0
Bryan Toys Shop,Surabaya,Hot Wheels Premium Two Pack Loose New Subaru Impreza WRX,Rp99.900,1 terjual,5.0
garasi elruni,Kab. Bogor,Hotwheels premium Dodge van loose,Rp60.000,,
Tesla Reborn,Jakarta Barat,Hotwheels Hot Wheels Premium Collector Set Jay Leno's Garage,Rp549.900,,
Mettle Hobbies,Bandung,Protector Case Medium Blister Hot Wheels Premium Car Culture Boulevard,Rp8.400,100+ terjual,4.9
HOT GASOLINE,Surakarta,hot wheels premium bre datsun no 85 biru dari datsun 2pack,Rp218.900,3 terjual,5.0
Erik Erik,Malang,Hot Wheels Fleet Street PREMIUM Diorama NEW LOOSE,Rp190.000,30+ terjual,5.0
Robby-,Jakarta Selatan,Hot Wheels Premium Boulevard Mix 5 2023 67 Ford Anglia Racer ban karet,Rp199.900,2 terjual,5.0
RMZ WHEELS,Kab. Bekasi,HOT WHEELS PREMIUM CC 2-Pack Mercedes-Benz,Rp2.500.000,2 terjual,5.0
Erik Erik,Malang,PAKET PROMO Hot Wheels Boulevard Mix Q n Mix S Premium 2023,Rp1.000.000,15 terjual,5.0
hobbytavor,Surabaya,HOTWHEELS PORSCHE TOONED FITMENT MEATY CUSTOM PREMIUM BAN ALLOY,Rp215.000,,
Dunia Celengan,Kab. Bantul,"RAK HOTWHEELS ACRYLIC ISI 12, TANPA LOGO SLIM EDITION SKALA 1:64",Rp85.000,60+ terjual,5.0
Hot Wheels Flagship,Tangerang,Hot Wheels Matchbox 2013 Volvo V60 Station Wagon - Mainan Mobil Balap,Rp136.900,50+ terjual,5.0
Dunia Celengan,Kab. Bantul,"RAK HOTWHEELS ACRYLIC ISI 10, TANPA LOGO SLIM EDITION SKALA 1:64",Rp71.000,100+ terjual,4.9
Hot Wheels Flagship,Tangerang,Hot Wheels Skate Tony Hawk Tricked Out Pack - Mainan Fingerboard,Rp139.960,40+ terjual,5.0
Dunia Celengan,Kab. Bantul,"Rak Hotwheels Acrylic Isi 48, No Header Slim Fit Edition 1:64",Rp223.000,70+ terjual,4.9
HOT GASOLINE,Surakarta,hot wheels 65 volkswagen fastback mooneyes oil cooled premium openbody,Rp345.000,2 terjual,5.0
Pronto Diecast,Denpasar,Hot Wheels Premium Nissan Skyline GTR R32 HKS Open Track #87,Rp299.000,,
Erik Erik,Malang,Hot Wheels JAY LENO TANK CAR Premium,Rp60.000,18 terjual,4.8
MDPG Store,Yogyakarta,Hotwheels Premium Diecast Top Gun Grumman F-14 Tomcat,Rp135.000,,
KUCLUX TOYS,Kab. Bekasi,HOT WHEELS PREMIUM 20 JEEP GLADIATOR,Rp90.000,,
KEZHOP GARAGE,Surabaya,Hot Wheels Premium ROCK'EM SOCK'EM ROBOTS QUICK D-LIVERY,Rp39.000,11 terjual,5.0
Adnan Frame,Kab. Bantul,12 Mobil Rak Hotwheels Premium kayu solid jati belanda,Rp110.000,30+ terjual,4.9
DPH Diecast,Kab. Bekasi,Custom Card Volkswagen Jetta MK3 Original Fast FNF Hot Wheels Premium,Rp93.500,1 terjual,5.0
Robby-,Jakarta Selatan,Hot Wheels Premium 20 Toyota GR Supra Slide Street ban karet,Rp299.900,100+ terjual,5.0
Barrapradhika,Jakarta Timur,'87 TOYOTA PICKUP TRUCK (Toyota) Premium Hot Wheels Diecast,Rp89.500,,
SbyStuff,Surabaya,Hot Wheels Premium 20 Toyota GR Supra Slide Street,Rp210.000,5 terjual,5.0
CostieWatches,Jakarta Utara,Hotwheels Premium kendall motor oil,Rp44.900,,
Timothy Diecast,Surabaya,Hot Wheels Premium Two 2 Pack New Loose Subaru Impreza WRX STI,Rp119.900,4 terjual,5.0
KEZHOP GARAGE,Surabaya,HOT WHEELS PREMIUM 007 NO TIME TO DIE ASTON MARTIN VALHALLA CONCEPT,Rp195.000,6 terjual,5.0
DMGARAGE,Kab. Magelang,HOT WHEELS PREMIUM 1972 FORD GRAND TORINO SPORT HIJAU FAST & FURIOUS HOTWHEELS ,Rp62.895,,
MAFFIA,Semarang,Hot Wheels - Nissan Fairlady Premium Garage Nissan Box Set Loose,Rp54.000,5 terjual,5.0
Indonesia.,Surabaya,Hot Wheels Premium Two Pack Pandem Subaru BRZ vs Lexus RC F GT3,Rp194.500,8 terjual,5.0
Erik Erik,Malang,Hot Wheels McLaren Speedtail Diorama PREMIUM NEW LOOSE,Rp55.000,17 terjual,4.8
Zahra Zhafir Toys,Tangerang,Hot Wheels Premium Fast Furious Nissan Silvia CSP311 Monalisa Rewind,Rp159.990,,
OVER TARGET,Jakarta Pusat,Hotwheels Premium Garage Mclaren Speedtail BanKaretBaseBesi Loose,Rp42.500,15 terjual,4.9
Hobbies Toys,Jakarta Barat,1 Set Hot Wheels Premium 2022 Boulevard Mix K Murah,Rp550.000,,
SbyStuff,Surabaya,Hot Wheels Premium Twin Pack Buggati Veyron & Buggati Chiron,Rp220.000,,
Hansel_Hotwheels,Denpasar,Hotwheels hot premium car culture RACE DAY Porshe 935,Rp160.000,4 terjual,4.8
bhtx. lab,Depok,Hot Wheels Premium 1970 Chevelle SS 1/4 Mile Muscle Fast & Furious,Rp559.900,4 terjual,5.0
AbsoluteDiecast,Kediri,Hot Wheels HW Premium Nissan Skyline Silhouette,Rp259.000,,
GalsID,Depok,Hot Wheels Toyota Supra Two Pack Fast Furious Premium,Rp325.000,4 terjual,5.0
derrdyaaar,Jakarta Barat,Hot Wheels Premium Fast & Furious Dash L Series Bundle / Nissan,Rp411.000,,
Erik Erik,Malang,Hot Wheels 20 Ford Shelby GT500 Boulevard Premium P 2023,Rp125.000,100+ terjual,4.9
AFZ Toys,Kab. Banyumas,Protector Blister Diecast Hot Wheels Matchbox Seri Premium Retro,Rp12.499,40+ terjual,5.0
Robby-,Jakarta Selatan,Hot Wheels Premium Toyota Supra Cruise Boulevard Car culture ban karet,Rp699.900,50+ terjual,5.0
Purnama Diecast,Kab. Bandung,"Hot Wheels Nissan Skyline R32 R34 Nismo Two Pack,Diecast Mobil Premium",Rp585.000,3 terjual,5.0
Robby-,Jakarta Selatan,Hot Wheels Premium 16 Bugatti Chiron Exotic Envy ban karet,Rp299.900,60+ terjual,5.0
Kami Sama Garage,Samarinda,Hotwheels Premium DC Custom Ford Transit Connect,Rp10.000,,
Yudi Hobbies,Cilegon,Hotwheels Premium McLaren F1 GTR,Rp115.000,,
Diecast Wong Soro,Kab. Kediri,Hot Wheels 2019 Jeep Grand Cherokee Trackhawk Premium - Loose,Rp45.900,6 terjual,5.0
Hot Wheels Flagship,Tangerang,Hot Wheels Double Loop Dash - Mainan Trek Mobil Balap,Rp699.900,100+ terjual,4.9
Dunia Celengan,Kab. Bantul,RAK HOTWHEELS ACRYLIC 45GARAGE PARKIR MIRING/SERONG ISI 60 MEMANJANG,Rp415.000,5 terjual,5.0
Hot Wheels Flagship,Tangerang,Hot Wheels Action Triple Loop Kit - Mainan Trek Mobil Balap,Rp500.435,12 terjual,4.9
Dunia Celengan,Kab. Bantul,"Rak Hotwheels Acrylic Isi 30, Slim Fit Edition PIntu Sleeding 1:64",Rp179.000,60+ terjual,4.9
Hot Wheels Flagship,Tangerang,Hot Wheels Skate TMNT Leonardo - Mainan Fingerboard,Rp107.910,3 terjual,5.0
